{"stats":{"minecraft:dropped":{"universal_graves:grave_compass":1,"minecraft:stick":2},"minecraft:mined":{"minecraft:brown_mushroom":24,"minecraft:mud":1,"minecraft:ice":9,"minecraft:stripped_spruce_log":4,"minecraft:light_gray_wool":2,"minecraft:grass":4,"minecraft:dirt_path":24,"minecraft:gravel":1,"minecraft:sand":7,"minecraft:dirt":5,"minecraft:packed_ice":3,"minecraft:red_mushroom":24,"minecraft:blue_bed":2},"minecraft:picked_up":{"minecraft:mud":3,"minecraft:stick":4,"minecraft:raw_iron":1,"minecraft:leather":1,"minecraft:brown_mushroom":23,"minecraft:torch":1,"minecraft:red_mushroom":23,"minecraft:spruce_fence":2,"minecraft:birch_planks":2,"minecraft:sand":6,"minecraft:porkchop":6,"minecraft:flint":1,"minecraft:stripped_spruce_log":4,"simplyswords:gold_greataxe":1,"minecraft:spider_eye":1,"minecraft:string":4,"morevanillashields:coal_shield":1,"minecraft:blue_bed":2,"minecraft:dirt":28,"universal_graves:grave_compass":1,"minecraft:rotten_flesh":12,"minecraft:iron_ingot":6,"minecraft:beef":3,"minecraft:iron_nugget":6,"minecraft:bread":23,"minecraft:light_gray_wool":2},"minecraft:broken":{"simplyswords:gold_greataxe":1},"minecraft:crafted":{"minecraft:iron_boots":1,"minecraft:spruce_planks":12,"minecraft:iron_helmet":1,"minecraft:iron_leggings":1},"minecraft:killed":{"minecraft:zombie":4,"minecraft:pig":2,"minecraft:spider":1,"minecraft:iron_golem":1,"minecraft:player":2,"minecraft:cow":1},"minecraft:used":{"minecraft:water_bucket":4,"minecraft:apple":3,"simplyswords:gold_greataxe":13,"minecraft:bread":12,"minecraft:spruce_planks":6,"minecraft:iron_sword":52,"minecraft:salmon":1,"minecraft:tadpole_bucket":1,"minecraft:sand":3,"minecraft:dirt":28,"minecraft:beef":3,"minecraft:porkchop":5,"minecraft:bucket":5,"minecraft:stripped_spruce_log":1},"minecraft:custom":{"minecraft:time_since_rest":1957,"minecraft:interact_with_furnace":1,"minecraft:sprint_one_cm":221271,"minecraft:damage_taken":1721,"minecraft:walk_one_cm":162163,"minecraft:mob_kills":9,"minecraft:drop":3,"minecraft:damage_dealt":3084,"minecraft:interact_with_crafting_table":5,"minecraft:swim_one_cm":35123,"minecraft:fly_one_cm":472834,"minecraft:player_kills":2,"minecraft:open_barrel":10,"minecraft:open_chest":5,"minecraft:crouch_one_cm":2703,"minecraft:play_time":73619,"minecraft:deaths":4,"minecraft:bell_ring":1,"minecraft:sneak_time":1430,"minecraft:walk_under_water_one_cm":16928,"minecraft:jump":2039,"minecraft:interact_with_brewingstand":1,"minecraft:interact_with_blast_furnace":1,"minecraft:leave_game":2,"minecraft:time_since_death":37033,"minecraft:walk_on_water_one_cm":18245,"minecraft:climb_one_cm":117,"minecraft:sleep_in_bed":2,"minecraft:total_world_time":73619,"minecraft:fall_one_cm":50744}},"DataVersion":3465}