{"stats":{"minecraft:dropped":{"minecraft:stick":2},"minecraft:mined":{"minecraft:dirt_path":24,"minecraft:dirt":1,"minecraft:blue_bed":2},"minecraft:picked_up":{"minecraft:stick":2,"minecraft:dirt":25,"minecraft:blue_bed":2},"minecraft:used":{"minecraft:dirt":25},"minecraft:custom":{"minecraft:time_since_rest":3773,"minecraft:crouch_one_cm":460,"minecraft:sprint_one_cm":38211,"minecraft:interact_with_furnace":1,"minecraft:play_time":21826,"minecraft:deaths":2,"minecraft:damage_taken":580,"minecraft:walk_one_cm":43276,"minecraft:sneak_time":77,"minecraft:bell_ring":1,"minecraft:drop":2,"minecraft:jump":602,"minecraft:damage_dealt":47,"minecraft:leave_game":1,"minecraft:time_since_death":3749,"minecraft:sleep_in_bed":1,"minecraft:total_world_time":21826,"minecraft:fall_one_cm":21604,"minecraft:fly_one_cm":65689}},"DataVersion":3465}