{"stats":{"minecraft:dropped":{"minecraft:oak_planks":12},"minecraft:killed_by":{"minecraft:iron_golem":1},"minecraft:picked_up":{"minecraft:book":9,"minecraft:stick":34,"minecraft:raw_iron":1,"minecraft:wheat":132,"minecraft:diamond_sword":8,"minecraft:oak_log":5,"minecraft:carrot":1,"minecraft:dirt":1,"minecraft:arrow":2,"minecraft:experience_bottle":64,"minecraft:diamond":27,"minecraft:wheat_seeds":368,"bosses_of_mass_destruction:soul_star":1,"minecraft:beef":6,"minecraft:emerald":1,"minecraft:egg":1},"minecraft:used":{"minecraft:diamond_pickaxe":2,"minecraft:diamond_sword":17,"simplyswords:iron_chakram":9,"minecraft:crafting_table":1,"minecraft:carrot":1,"minecraft:experience_bottle":64},"minecraft:custom":{"minecraft:time_since_rest":1198,"minecraft:sprint_one_cm":31384,"minecraft:damage_taken":424,"minecraft:walk_one_cm":44411,"minecraft:mob_kills":5,"minecraft:interact_with_anvil":3,"minecraft:drop":1,"minecraft:damage_dealt":1120,"minecraft:swim_one_cm":3822,"minecraft:interact_with_crafting_table":1,"minecraft:fly_one_cm":67725,"minecraft:open_chest":3,"minecraft:crouch_one_cm":359,"minecraft:play_time":14993,"minecraft:deaths":1,"minecraft:sneak_time":195,"minecraft:walk_under_water_one_cm":1389,"minecraft:jump":410,"minecraft:leave_game":2,"minecraft:walk_on_water_one_cm":1809,"minecraft:time_since_death":1140,"minecraft:total_world_time":14993,"minecraft:fall_one_cm":9598},"minecraft:killed":{"minecraft:pillager":2,"minecraft:cow":3},"minecraft:mined":{"minecraft:carrots":1,"minecraft:iron_ore":1,"minecraft:wheat":136,"minecraft:dark_oak_fence":1,"minecraft:grass":16,"minecraft:bookshelf":3,"minecraft:grass_block":1,"minecraft:oak_log":5,"minecraft:tall_grass":7,"minecraft:oak_leaves":1},"minecraft:crafted":{"minecraft:oak_planks":16,"minecraft:diamond_helmet":1,"minecraft:diamond_leggings":1,"minecraft:diamond_pickaxe":1,"minecraft:crafting_table":1,"minecraft:diamond_boots":1,"minecraft:diamond_chestplate":1}},"DataVersion":3465}