{"stats":{"minecraft:dropped":{"minecraft:rotten_flesh":8,"minecraft:oak_planks":12,"morevanillashields:coal_shield":1},"minecraft:killed_by":{"minecraft:player":1,"minecraft:iron_golem":1},"minecraft:picked_up":{"minecraft:wheat":132,"morevanillashields:obsidian_shield":1,"minecraft:diamond_sword":8,"minecraft:oak_log":5,"minecraft:dirt":11,"minecraft:raw_copper":7,"minecraft:experience_bottle":64,"minecraft:blackstone":3,"minecraft:kelp":1,"minecraft:wheat_seeds":368,"minecraft:cobbled_deepslate":3,"bosses_of_mass_destruction:soul_star":1,"minecraft:beef":6,"minecraft:egg":1,"minecraft:book":9,"minecraft:stick":34,"minecraft:raw_iron":1,"minecraft:torch":49,"minecraft:porkchop":2,"minecraft:carrot":1,"morevanillashields:coal_shield":1,"minecraft:rotten_flesh":7,"minecraft:arrow":3,"minecraft:diamond":27,"minecraft:hay_block":33,"minecraft:emerald":1,"minecraft:white_wool":14},"minecraft:used":{"minecraft:stone_shovel":10,"morevanillashields:obsidian_shield":1,"minecraft:torch":50,"minecraft:dirt":1,"simplyswords:iron_chakram":24,"minecraft:crafting_table":1,"minecraft:carrot":1,"minecraft:diamond_pickaxe":77,"minecraft:bread":9,"minecraft:diamond_sword":43,"minecraft:cobbled_deepslate":3,"minecraft:experience_bottle":64},"minecraft:custom":{"minecraft:interact_with_anvil":3,"minecraft:mob_kills":12,"minecraft:interact_with_crafting_table":2,"minecraft:leave_game":3,"minecraft:time_since_death":9987,"minecraft:time_since_rest":10012,"minecraft:sprint_one_cm":116436,"minecraft:damage_taken":999,"minecraft:walk_one_cm":101816,"minecraft:damage_blocked_by_shield":25,"minecraft:drop":4,"minecraft:damage_dealt":2182,"minecraft:swim_one_cm":32579,"minecraft:fly_one_cm":148302,"minecraft:open_chest":3,"minecraft:crouch_one_cm":2337,"minecraft:play_time":36984,"minecraft:deaths":2,"minecraft:sneak_time":815,"minecraft:walk_under_water_one_cm":3327,"minecraft:jump":935,"minecraft:walk_on_water_one_cm":15017,"minecraft:total_world_time":36984,"minecraft:fall_one_cm":29085},"minecraft:killed":{"minecraft:pig":1,"minecraft:horse":1,"minecraft:pillager":2,"minecraft:zombie":5,"minecraft:cow":3},"minecraft:mined":{"minecraft:blackstone":3,"minecraft:kelp_plant":1,"minecraft:dark_oak_fence":1,"minecraft:grass_block":3,"minecraft:tall_grass":15,"minecraft:hay_block":34,"minecraft:carrots":1,"minecraft:iron_ore":1,"minecraft:wheat":136,"minecraft:grass":35,"minecraft:bookshelf":3,"minecraft:oak_log":5,"minecraft:dirt_path":1,"minecraft:dirt":7,"minecraft:stone":1,"minecraft:white_wool":14,"minecraft:oak_leaves":1,"minecraft:deepslate":43},"minecraft:crafted":{"minecraft:oak_planks":16,"minecraft:crafting_table":1,"minecraft:bread":46,"minecraft:diamond_helmet":1,"minecraft:diamond_leggings":1,"minecraft:diamond_pickaxe":1,"minecraft:diamond_boots":1,"minecraft:diamond_chestplate":1}},"DataVersion":3465}