{"stats":{"minecraft:dropped":{"universal_graves:grave_compass":1,"minecraft:stick":2},"minecraft:mined":{"minecraft:brown_mushroom":24,"minecraft:ice":9,"minecraft:stripped_spruce_log":4,"minecraft:light_gray_wool":2,"minecraft:dirt_path":24,"minecraft:gravel":1,"minecraft:dirt":5,"minecraft:packed_ice":2,"minecraft:red_mushroom":24,"minecraft:blue_bed":2},"minecraft:picked_up":{"minecraft:stick":4,"minecraft:leather":1,"minecraft:brown_mushroom":23,"minecraft:red_mushroom":23,"minecraft:porkchop":6,"minecraft:flint":1,"minecraft:stripped_spruce_log":4,"minecraft:blue_bed":2,"minecraft:dirt":28,"minecraft:iron_ingot":5,"minecraft:beef":3,"minecraft:light_gray_wool":2},"minecraft:crafted":{"minecraft:spruce_planks":12},"minecraft:killed":{"minecraft:pig":2,"minecraft:iron_golem":1,"minecraft:player":2,"minecraft:cow":1},"minecraft:used":{"minecraft:water_bucket":4,"minecraft:apple":3,"minecraft:bread":2,"minecraft:spruce_planks":6,"minecraft:iron_sword":26,"minecraft:salmon":1,"minecraft:tadpole_bucket":1,"minecraft:dirt":25,"minecraft:beef":3,"minecraft:bucket":5,"minecraft:stripped_spruce_log":1},"minecraft:custom":{"minecraft:time_since_rest":21273,"minecraft:interact_with_furnace":1,"minecraft:sprint_one_cm":168585,"minecraft:damage_taken":1175,"minecraft:walk_one_cm":134673,"minecraft:mob_kills":4,"minecraft:drop":3,"minecraft:damage_dealt":1883,"minecraft:swim_one_cm":34689,"minecraft:fly_one_cm":398796,"minecraft:player_kills":2,"minecraft:open_barrel":3,"minecraft:open_chest":5,"minecraft:crouch_one_cm":759,"minecraft:play_time":57826,"minecraft:deaths":4,"minecraft:bell_ring":1,"minecraft:sneak_time":632,"minecraft:walk_under_water_one_cm":16408,"minecraft:jump":1626,"minecraft:interact_with_brewingstand":1,"minecraft:interact_with_blast_furnace":1,"minecraft:leave_game":1,"minecraft:time_since_death":21240,"minecraft:walk_on_water_one_cm":16743,"minecraft:sleep_in_bed":1,"minecraft:total_world_time":57826,"minecraft:fall_one_cm":39032}},"DataVersion":3465}