{"stats":{"minecraft:dropped":{"minecraft:stick":2},"minecraft:mined":{"minecraft:dirt_path":24,"minecraft:dirt":1,"minecraft:ice":2,"minecraft:blue_bed":2},"minecraft:picked_up":{"minecraft:stick":2,"minecraft:dirt":25,"minecraft:blue_bed":2},"minecraft:killed":{"minecraft:player":1},"minecraft:used":{"minecraft:water_bucket":4,"minecraft:tadpole_bucket":1,"minecraft:salmon":1,"minecraft:dirt":25,"minecraft:bucket":5},"minecraft:custom":{"minecraft:open_barrel":3,"minecraft:open_chest":1,"minecraft:time_since_rest":5373,"minecraft:crouch_one_cm":460,"minecraft:sprint_one_cm":59317,"minecraft:interact_with_furnace":1,"minecraft:play_time":33826,"minecraft:deaths":3,"minecraft:damage_taken":940,"minecraft:walk_one_cm":78530,"minecraft:sneak_time":137,"minecraft:bell_ring":1,"minecraft:walk_under_water_one_cm":6292,"minecraft:drop":2,"minecraft:jump":858,"minecraft:damage_dealt":300,"minecraft:leave_game":1,"minecraft:walk_on_water_one_cm":2549,"minecraft:time_since_death":5348,"minecraft:sleep_in_bed":1,"minecraft:total_world_time":33826,"minecraft:player_kills":1,"minecraft:fall_one_cm":30783,"minecraft:fly_one_cm":106293}},"DataVersion":3465}