{"stats":{"minecraft:dropped":{"minecraft:birch_planks":1,"minecraft:porkchop":1,"minecraft:wheat_seeds":2,"minecraft:diamond_axe":2,"minecraft:golden_horse_armor":2,"minecraft:cooked_porkchop":3,"minecraft:coal":13,"minecraft:coal_block":3,"minecraft:stick":8,"minecraft:dirt":1,"minecraft:dark_oak_wood":9,"minecraft:rose_bush":1,"minecraft:smooth_quartz":6,"minecraft:diamond_helmet":1,"morevanillashields:obsidian_shield":2,"minecraft:chipped_anvil":2,"minecraft:dark_oak_planks":7,"minecraft:string":22,"minecraft:cyan_carpet":11,"minecraft:bone":52,"minecraft:player_head":1,"minecraft:rotten_flesh":1,"universal_graves:grave_compass":29,"morevanillashields:coal_shield":1,"minecraft:spruce_fence":8,"minecraft:pumpkin_seeds":6,"minecraft:diamond_sword":5,"minecraft:diamond_chestplate":1,"minecraft:spruce_planks":4,"minecraft:spider_eye":14,"minecraft:arrow":36,"minecraft:wooden_pickaxe":4,"minecraft:dark_prismarine":3},"minecraft:killed_by":{"minecraft:wither_skeleton":12,"minecraft:spider":3,"minecraft:cave_spider":4,"minecraft:skeleton":4},"minecraft:picked_up":{"minecraft:birch_door":1,"minecraft:crafting_table":3,"minecraft:diamond_sword":12,"minecraft:wooden_pickaxe":5,"minecraft:brewing_stand":1,"minecraft:string":63,"minecraft:armor_stand":1,"minecraft:item_frame":2,"universal_graves:grave_compass":17,"minecraft:cyan_carpet":14,"minecraft:diamond_leggings":1,"bosses_of_mass_destruction:soul_star":2,"minecraft:spruce_planks":11,"minecraft:rose_bush":2,"minecraft:redstone_torch":1,"minecraft:calcite":1,"minecraft:player_head":2,"minecraft:smooth_quartz":16,"minecraft:chest":2,"minecraft:coal_block":11,"minecraft:birch_sapling":1,"minecraft:stripped_mangrove_wood":2,"minecraft:stick":16,"minecraft:torch":65,"minecraft:spruce_fence":9,"minecraft:porkchop":1,"minecraft:dark_oak_planks":138,"minecraft:arrow":105,"minecraft:diamond_chestplate":1,"minecraft:rotten_flesh":2,"minecraft:hay_block":14,"immersive_melodies:flute":1,"minecraft:cobblestone":19,"minecraft:enchanting_table":1,"minecraft:birch_planks":1,"minecraft:oak_log":4,"minecraft:dirt":2,"minecraft:chipped_anvil":6,"minecraft:bone":221,"minecraft:wheat_seeds":2,"minecraft:diamond_helmet":1,"minecraft:oak_planks":14,"minecraft:book":243,"minecraft:dark_oak_slab":3,"minecraft:cooked_porkchop":46,"minecraft:blast_furnace":3,"minecraft:cyan_bed":6,"minecraft:spider_eye":21,"minecraft:dark_prismarine":9,"minecraft:oak_wood":1,"minecraft:pumpkin_seeds":6,"minecraft:diamond":21,"minecraft:diamond_axe":3,"minecraft:painting":1,"minecraft:golden_apple":1,"minecraft:spruce_sign":1,"minecraft:golden_horse_armor":4,"minecraft:bread":17,"minecraft:damaged_anvil":3,"minecraft:dark_oak_wood":26,"minecraft:coal":38,"minecraft:diamond_pickaxe":1},"minecraft:broken":{"minecraft:golden_boots":1,"minecraft:iron_leggings":1,"minecraft:chainmail_helmet":1,"minecraft:leather_chestplate":1,"minecraft:chainmail_boots":1},"minecraft:used":{"morevanillashields:coal_shield":79,"minecraft:rose_bush":1,"minecraft:chest":2,"minecraft:spruce_planks":3,"minecraft:player_head":1,"minecraft:torch":16,"minecraft:diamond_helmet":1,"minecraft:spruce_fence":1,"minecraft:dark_oak_planks":142,"minecraft:chipped_anvil":3,"minecraft:dark_oak_wood":2,"minecraft:dark_oak_slab":3,"minecraft:smooth_quartz":5,"minecraft:diamond_chestplate":1,"minecraft:golden_carrot":6,"minecraft:hay_block":2,"minecraft:iron_leggings":1,"minecraft:golden_boots":1,"minecraft:water_bucket":3,"minecraft:damaged_anvil":2,"minecraft:diamond_boots":1,"minecraft:stone_pickaxe":73,"minecraft:mangrove_planks":7,"minecraft:oak_planks":5,"minecraft:leather_chestplate":1,"minecraft:wooden_pickaxe":9,"minecraft:chainmail_helmet":1,"minecraft:diamond_axe":565,"minecraft:golden_apple":1,"minecraft:crafting_table":5,"minecraft:painting":1,"minecraft:redstone_torch":1,"minecraft:dark_prismarine":6,"minecraft:diamond_pickaxe":4,"minecraft:cyan_bed":6,"minecraft:bread":44,"minecraft:stone_axe":91,"minecraft:diamond_sword":728,"minecraft:coal_block":1,"minecraft:cobblestone":13,"travelersbackpack:standard":7,"minecraft:chainmail_boots":1,"minecraft:cooked_porkchop":31,"minecraft:bucket":5,"minecraft:pumpkin_pie":11,"minecraft:diamond_leggings":2},"minecraft:custom":{"minecraft:mob_kills":220,"minecraft:interact_with_anvil":7,"minecraft:interact_with_crafting_table":20,"minecraft:open_barrel":16,"minecraft:damage_dealt_resisted":17633,"minecraft:eat_cake_slice":1,"minecraft:time_since_death":123,"minecraft:climb_one_cm":15463,"minecraft:sprint_one_cm":323033,"minecraft:walk_one_cm":670636,"minecraft:damage_blocked_by_shield":2180,"minecraft:drop":175,"minecraft:play_time":187284,"minecraft:deaths":27,"minecraft:sneak_time":22970,"minecraft:walk_under_water_one_cm":1544,"minecraft:jump":2892,"minecraft:walk_on_water_one_cm":13194,"minecraft:total_world_time":187284,"minecraft:interact_with_furnace":2,"minecraft:time_since_rest":147,"minecraft:damage_taken":13290,"minecraft:damage_absorbed":40,"minecraft:damage_dealt":72679,"minecraft:swim_one_cm":13649,"minecraft:fly_one_cm":385057,"minecraft:player_kills":1,"minecraft:open_chest":58,"minecraft:crouch_one_cm":84526,"minecraft:fall_one_cm":63003},"minecraft:killed":{"minecraft:cave_spider":33,"minecraft:spider":26,"minecraft:skeleton":29,"minecraft:frog":2,"minecraft:pillager":2,"minecraft:zombie":4,"minecraft:wither_skeleton":121},"minecraft:mined":{"minecraft:dark_oak_planks":167,"minecraft:dark_prismarine":4,"minecraft:spruce_planks":10,"minecraft:brewing_stand":1,"minecraft:spruce_fence":5,"minecraft:coal_block":12,"minecraft:spawner":11,"minecraft:hay_block":8,"minecraft:enchanting_table":1,"minecraft:peony":1,"minecraft:dark_oak_stairs":5,"minecraft:bookshelf":81,"minecraft:stone":11,"minecraft:stripped_mangrove_wood":2,"minecraft:player_head":2,"minecraft:crafting_table":5,"minecraft:torch":1,"minecraft:dark_oak_wood":27,"minecraft:blast_furnace":3,"minecraft:oak_wood":2,"minecraft:calcite":1,"minecraft:chest":2,"minecraft:rose_bush":3,"minecraft:tall_grass":3,"minecraft:cobblestone":8,"minecraft:cyan_bed":6,"minecraft:oak_planks":2,"minecraft:damaged_anvil":3,"minecraft:wall_torch":1,"minecraft:dark_oak_slab":3,"minecraft:birch_leaves":13,"minecraft:grass":3,"minecraft:oak_log":4,"minecraft:coal_ore":1,"minecraft:cyan_carpet":5,"minecraft:smooth_quartz":18,"minecraft:chipped_anvil":6},"minecraft:crafted":{"minecraft:oak_planks":20,"minecraft:diamond_helmet":1,"minecraft:diamond_leggings":1,"minecraft:stone_pickaxe":1,"minecraft:diamond_boots":1,"minecraft:dark_oak_planks":60,"minecraft:diamond_axe":1,"minecraft:crafting_table":2,"minecraft:wooden_pickaxe":1,"minecraft:mangrove_planks":8,"minecraft:stone_axe":1,"morevanillashields:coal_shield":1,"minecraft:diamond_pickaxe":1,"morevanillashields:obsidian_shield":3,"minecraft:stick":8,"minecraft:diamond_chestplate":1}},"DataVersion":3465}