{"stats":{"minecraft:dropped":{"minecraft:wheat_seeds":1,"minecraft:diamond_axe":2,"minecraft:golden_horse_armor":2,"minecraft:coal":5,"minecraft:coal_block":3,"minecraft:stick":4,"minecraft:dirt":1,"minecraft:dark_oak_wood":6,"minecraft:smooth_quartz":6,"minecraft:dark_oak_planks":7,"minecraft:string":22,"minecraft:cyan_carpet":11,"minecraft:bone":21,"universal_graves:grave_compass":24,"minecraft:spruce_fence":6,"minecraft:pumpkin_seeds":6,"minecraft:diamond_sword":1,"minecraft:spruce_planks":2,"minecraft:spider_eye":2,"minecraft:arrow":1,"minecraft:wooden_pickaxe":4,"minecraft:dark_prismarine":3},"minecraft:killed_by":{"minecraft:wither_skeleton":9,"minecraft:spider":3,"minecraft:cave_spider":4,"minecraft:skeleton":3},"minecraft:picked_up":{"minecraft:birch_door":1,"minecraft:crafting_table":2,"minecraft:diamond_sword":7,"minecraft:wooden_pickaxe":5,"minecraft:brewing_stand":1,"minecraft:string":46,"minecraft:armor_stand":1,"minecraft:item_frame":2,"universal_graves:grave_compass":14,"minecraft:cyan_carpet":11,"bosses_of_mass_destruction:soul_star":1,"minecraft:spruce_planks":10,"minecraft:rose_bush":2,"minecraft:calcite":1,"minecraft:player_head":2,"minecraft:smooth_quartz":13,"minecraft:coal_block":4,"minecraft:birch_sapling":1,"minecraft:stripped_mangrove_wood":2,"minecraft:stick":12,"minecraft:torch":1,"minecraft:spruce_fence":8,"minecraft:dark_oak_planks":127,"minecraft:arrow":89,"minecraft:rotten_flesh":1,"minecraft:hay_block":14,"immersive_melodies:flute":1,"minecraft:cobblestone":19,"minecraft:enchanting_table":1,"minecraft:oak_log":4,"minecraft:dirt":2,"minecraft:chipped_anvil":2,"minecraft:bone":144,"minecraft:wheat_seeds":1,"minecraft:oak_planks":2,"minecraft:book":243,"minecraft:dark_oak_slab":3,"minecraft:cooked_porkchop":44,"minecraft:blast_furnace":3,"minecraft:cyan_bed":3,"minecraft:spider_eye":5,"minecraft:dark_prismarine":9,"minecraft:oak_wood":1,"minecraft:pumpkin_seeds":6,"minecraft:diamond_axe":3,"minecraft:painting":1,"minecraft:golden_apple":1,"minecraft:spruce_sign":1,"minecraft:golden_horse_armor":4,"minecraft:bread":17,"minecraft:damaged_anvil":3,"minecraft:dark_oak_wood":23,"minecraft:coal":17},"minecraft:broken":{"minecraft:golden_boots":1,"minecraft:iron_leggings":1,"minecraft:leather_chestplate":1},"minecraft:used":{"morevanillashields:coal_shield":59,"minecraft:rose_bush":1,"minecraft:spruce_planks":3,"minecraft:player_head":1,"minecraft:torch":1,"minecraft:spruce_fence":1,"minecraft:dark_oak_planks":95,"minecraft:chipped_anvil":1,"minecraft:dark_oak_wood":2,"minecraft:dark_oak_slab":3,"minecraft:smooth_quartz":5,"minecraft:golden_carrot":6,"minecraft:hay_block":2,"minecraft:iron_leggings":1,"minecraft:golden_boots":1,"minecraft:damaged_anvil":2,"minecraft:stone_pickaxe":65,"minecraft:mangrove_planks":7,"minecraft:oak_planks":5,"minecraft:leather_chestplate":1,"minecraft:wooden_pickaxe":9,"minecraft:chainmail_helmet":1,"minecraft:diamond_axe":517,"minecraft:golden_apple":1,"minecraft:crafting_table":2,"minecraft:painting":1,"minecraft:dark_prismarine":6,"minecraft:cyan_bed":3,"minecraft:bread":44,"minecraft:stone_axe":91,"minecraft:diamond_sword":295,"minecraft:coal_block":1,"minecraft:cobblestone":13,"travelersbackpack:standard":1,"minecraft:chainmail_boots":1,"minecraft:cooked_porkchop":1,"minecraft:pumpkin_pie":4},"minecraft:custom":{"minecraft:mob_kills":126,"minecraft:interact_with_anvil":3,"minecraft:interact_with_crafting_table":10,"minecraft:open_barrel":16,"minecraft:damage_dealt_resisted":8022,"minecraft:eat_cake_slice":1,"minecraft:time_since_death":1397,"minecraft:climb_one_cm":15463,"minecraft:sprint_one_cm":178679,"minecraft:walk_one_cm":459724,"minecraft:damage_blocked_by_shield":1524,"minecraft:drop":122,"minecraft:play_time":127284,"minecraft:deaths":22,"minecraft:sneak_time":16183,"minecraft:jump":1684,"minecraft:total_world_time":127284,"minecraft:interact_with_furnace":1,"minecraft:time_since_rest":1428,"minecraft:damage_taken":9042,"minecraft:damage_absorbed":40,"minecraft:damage_dealt":43119,"minecraft:fly_one_cm":165370,"minecraft:open_chest":31,"minecraft:crouch_one_cm":54880,"minecraft:fall_one_cm":29289},"minecraft:killed":{"minecraft:cave_spider":23,"minecraft:spider":22,"minecraft:skeleton":19,"minecraft:frog":2,"minecraft:zombie":2,"minecraft:wither_skeleton":58},"minecraft:mined":{"minecraft:dark_oak_planks":150,"minecraft:dark_prismarine":4,"minecraft:spruce_planks":9,"minecraft:brewing_stand":1,"minecraft:spruce_fence":4,"minecraft:coal_block":5,"minecraft:spawner":10,"minecraft:hay_block":8,"minecraft:enchanting_table":1,"minecraft:peony":1,"minecraft:dark_oak_stairs":3,"minecraft:bookshelf":81,"minecraft:stone":11,"minecraft:stripped_mangrove_wood":2,"minecraft:player_head":2,"minecraft:crafting_table":2,"minecraft:torch":1,"minecraft:dark_oak_wood":21,"minecraft:blast_furnace":3,"minecraft:oak_wood":1,"minecraft:calcite":1,"minecraft:rose_bush":3,"minecraft:tall_grass":2,"minecraft:cobblestone":8,"minecraft:cyan_bed":3,"minecraft:oak_planks":2,"minecraft:damaged_anvil":3,"minecraft:dark_oak_slab":3,"minecraft:birch_leaves":13,"minecraft:grass":1,"minecraft:oak_log":4,"minecraft:coal_ore":1,"minecraft:cyan_carpet":4,"minecraft:smooth_quartz":18,"minecraft:chipped_anvil":2},"minecraft:crafted":{"minecraft:oak_planks":20,"minecraft:stone_pickaxe":1,"minecraft:dark_oak_planks":28,"minecraft:diamond_axe":1,"minecraft:crafting_table":1,"minecraft:wooden_pickaxe":1,"minecraft:mangrove_planks":8,"minecraft:stone_axe":1,"morevanillashields:coal_shield":1,"minecraft:stick":8}},"DataVersion":3465}