{"stats":{"minecraft:dropped":{"minecraft:birch_planks":1,"minecraft:porkchop":1,"minecraft:wheat_seeds":2,"minecraft:diamond_axe":2,"minecraft:golden_horse_armor":2,"minecraft:cooked_porkchop":3,"minecraft:coal":13,"minecraft:coal_block":3,"minecraft:stick":8,"minecraft:dirt":1,"minecraft:torch":49,"minecraft:dark_oak_wood":9,"minecraft:rose_bush":1,"minecraft:smooth_quartz":6,"minecraft:diamond_helmet":1,"morevanillashields:obsidian_shield":2,"minecraft:chipped_anvil":2,"minecraft:dark_oak_planks":7,"minecraft:string":22,"minecraft:cyan_carpet":11,"minecraft:bone":52,"minecraft:player_head":1,"minecraft:rotten_flesh":1,"universal_graves:grave_compass":36,"morevanillashields:coal_shield":1,"minecraft:spruce_fence":8,"minecraft:pumpkin_seeds":6,"minecraft:diamond_sword":5,"minecraft:diamond_chestplate":1,"minecraft:spruce_planks":4,"minecraft:spider_eye":14,"minecraft:arrow":36,"minecraft:wooden_pickaxe":4,"minecraft:dark_prismarine":3,"minecraft:egg":2},"minecraft:killed_by":{"minecraft:player":1,"minecraft:wither_skeleton":12,"minecraft:spider":4,"minecraft:cave_spider":4,"minecraft:skeleton":6},"minecraft:picked_up":{"minecraft:birch_door":1,"minecraft:crafting_table":3,"minecraft:diamond_sword":12,"minecraft:wooden_pickaxe":5,"minecraft:brewing_stand":1,"minecraft:string":69,"minecraft:red_bed":12,"minecraft:armor_stand":1,"minecraft:item_frame":2,"universal_graves:grave_compass":19,"minecraft:blackstone":22,"minecraft:cyan_carpet":14,"minecraft:diamond_leggings":1,"minecraft:cobbled_deepslate":39,"bosses_of_mass_destruction:soul_star":2,"minecraft:spruce_planks":11,"minecraft:rose_bush":2,"minecraft:redstone_torch":1,"minecraft:calcite":1,"minecraft:player_head":2,"minecraft:smooth_quartz":16,"minecraft:chest":2,"minecraft:coal_block":11,"minecraft:birch_sapling":1,"minecraft:egg":2,"minecraft:stripped_mangrove_wood":2,"minecraft:stick":16,"minecraft:torch":67,"minecraft:spruce_fence":9,"minecraft:porkchop":1,"minecraft:dark_oak_planks":141,"minecraft:arrow":109,"minecraft:diamond_chestplate":1,"minecraft:rotten_flesh":9,"minecraft:hay_block":14,"immersive_melodies:flute":1,"minecraft:rail":3,"minecraft:cobblestone":19,"minecraft:enchanting_table":1,"minecraft:andesite":3,"minecraft:birch_planks":1,"minecraft:oak_log":4,"minecraft:yellow_bed":7,"minecraft:dirt":3,"minecraft:chipped_anvil":6,"minecraft:bone":223,"minecraft:wheat_seeds":3,"minecraft:diamond_helmet":1,"minecraft:oak_planks":14,"minecraft:book":243,"minecraft:smooth_basalt":1,"minecraft:dark_oak_slab":3,"minecraft:cooked_porkchop":46,"minecraft:gravel":2,"minecraft:blast_furnace":3,"minecraft:cyan_bed":7,"morevanillashields:coal_shield":1,"minecraft:spider_eye":21,"minecraft:dark_prismarine":9,"minecraft:oak_wood":1,"minecraft:pumpkin_seeds":6,"minecraft:slime_ball":2,"minecraft:diamond":29,"minecraft:diamond_axe":3,"minecraft:painting":1,"minecraft:golden_apple":1,"minecraft:spruce_sign":1,"minecraft:golden_horse_armor":4,"minecraft:bread":17,"minecraft:damaged_anvil":3,"minecraft:dark_oak_wood":26,"minecraft:coal":38,"minecraft:diamond_pickaxe":1},"minecraft:broken":{"minecraft:golden_boots":1,"minecraft:iron_leggings":1,"minecraft:chainmail_helmet":1,"minecraft:leather_chestplate":1,"minecraft:chainmail_boots":1},"minecraft:used":{"morevanillashields:coal_shield":79,"minecraft:rose_bush":1,"minecraft:chest":2,"minecraft:spruce_planks":3,"minecraft:player_head":1,"minecraft:torch":16,"minecraft:diamond_helmet":1,"minecraft:spruce_fence":1,"minecraft:dark_oak_planks":142,"minecraft:chipped_anvil":3,"minecraft:dark_oak_wood":2,"minecraft:dark_oak_slab":3,"minecraft:smooth_quartz":5,"minecraft:diamond_chestplate":1,"minecraft:golden_carrot":6,"minecraft:hay_block":2,"minecraft:iron_leggings":1,"minecraft:golden_boots":1,"minecraft:water_bucket":13,"minecraft:damaged_anvil":2,"minecraft:diamond_boots":1,"minecraft:stone_pickaxe":73,"minecraft:mangrove_planks":7,"minecraft:oak_planks":5,"minecraft:blackstone":9,"minecraft:leather_chestplate":1,"minecraft:wooden_pickaxe":9,"minecraft:chainmail_helmet":1,"minecraft:diamond_axe":570,"minecraft:golden_apple":1,"minecraft:crafting_table":5,"minecraft:red_bed":12,"minecraft:painting":1,"minecraft:redstone_torch":1,"minecraft:dark_prismarine":6,"minecraft:diamond_pickaxe":29,"minecraft:cyan_bed":6,"minecraft:bread":44,"minecraft:gravel":2,"minecraft:stone_axe":91,"minecraft:diamond_sword":748,"minecraft:coal_block":1,"minecraft:cobblestone":13,"travelersbackpack:standard":8,"minecraft:chainmail_boots":1,"minecraft:cooked_porkchop":37,"minecraft:bucket":17,"minecraft:yellow_bed":6,"minecraft:pumpkin_pie":11,"minecraft:diamond_leggings":2},"minecraft:custom":{"minecraft:mob_kills":226,"minecraft:interact_with_anvil":7,"minecraft:interact_with_crafting_table":20,"minecraft:open_barrel":16,"minecraft:damage_dealt_resisted":17633,"minecraft:eat_cake_slice":1,"minecraft:time_since_death":2446,"minecraft:climb_one_cm":15785,"minecraft:sprint_one_cm":547204,"minecraft:walk_one_cm":864247,"minecraft:damage_blocked_by_shield":2180,"minecraft:drop":185,"minecraft:play_time":253284,"minecraft:deaths":39,"minecraft:sneak_time":24119,"minecraft:walk_under_water_one_cm":16190,"minecraft:jump":5178,"minecraft:walk_on_water_one_cm":42221,"minecraft:total_world_time":253284,"minecraft:interact_with_furnace":2,"minecraft:sleep_in_bed":4,"minecraft:time_since_rest":2480,"minecraft:damage_taken":17004,"minecraft:damage_absorbed":40,"minecraft:damage_dealt":74064,"minecraft:swim_one_cm":77756,"minecraft:fly_one_cm":822081,"minecraft:player_kills":1,"minecraft:open_chest":58,"minecraft:crouch_one_cm":87756,"minecraft:fall_one_cm":153323},"minecraft:killed":{"minecraft:cave_spider":35,"minecraft:spider":27,"minecraft:skeleton":30,"minecraft:frog":2,"minecraft:pillager":2,"minecraft:zombie":6,"minecraft:wither_skeleton":121},"minecraft:mined":{"minecraft:dark_oak_planks":172,"minecraft:dark_prismarine":4,"minecraft:spruce_planks":10,"minecraft:deepslate_diamond_ore":9,"minecraft:brewing_stand":1,"minecraft:grass_block":1,"minecraft:spruce_fence":5,"minecraft:coal_block":12,"minecraft:spawner":12,"minecraft:tall_seagrass":3,"minecraft:hay_block":8,"minecraft:fire":3,"minecraft:enchanting_table":1,"minecraft:peony":1,"minecraft:dark_oak_stairs":5,"minecraft:bookshelf":81,"minecraft:stone":11,"minecraft:stripped_mangrove_wood":2,"minecraft:player_head":2,"minecraft:red_bed":12,"minecraft:blackstone":11,"minecraft:crafting_table":5,"minecraft:torch":1,"minecraft:dark_oak_wood":27,"minecraft:blast_furnace":3,"minecraft:oak_wood":2,"minecraft:calcite":1,"minecraft:chest":2,"minecraft:rose_bush":3,"minecraft:tall_grass":5,"minecraft:cobblestone":8,"minecraft:cyan_bed":7,"minecraft:oak_planks":2,"minecraft:damaged_anvil":3,"minecraft:wall_torch":2,"minecraft:pink_petals":1,"minecraft:seagrass":1,"minecraft:dark_oak_slab":3,"minecraft:birch_leaves":13,"minecraft:yellow_bed":7,"minecraft:grass":5,"minecraft:oak_log":4,"minecraft:coal_ore":1,"minecraft:gravel":3,"minecraft:sand":1,"minecraft:cyan_carpet":5,"minecraft:smooth_quartz":18,"minecraft:cobweb":3,"minecraft:smooth_basalt":1,"minecraft:chipped_anvil":6,"minecraft:deepslate":1},"minecraft:crafted":{"minecraft:oak_planks":20,"minecraft:diamond_helmet":1,"minecraft:diamond_leggings":1,"minecraft:stone_pickaxe":1,"minecraft:diamond_boots":1,"minecraft:dark_oak_planks":60,"minecraft:diamond_axe":1,"minecraft:crafting_table":2,"minecraft:wooden_pickaxe":1,"minecraft:mangrove_planks":8,"minecraft:stone_axe":1,"morevanillashields:coal_shield":1,"minecraft:diamond_pickaxe":1,"morevanillashields:obsidian_shield":3,"minecraft:stick":8,"minecraft:diamond_chestplate":1}},"DataVersion":3465}