{"stats":{"minecraft:dropped":{"minecraft:bread":2,"minecraft:raw_iron":1,"minecraft:tuff":1,"minecraft:rotten_flesh":9,"universal_graves:grave_compass":2,"morevanillashields:coal_shield":1,"simplyswords:gold_greataxe":1,"minecraft:carrot":1,"minecraft:tipped_arrow":1,"minecraft:arrow":1,"simplyswords:iron_greathammer":1},"minecraft:mined":{"minecraft:light_gray_carpet":1,"minecraft:tuff":2,"minecraft:spruce_planks":4,"minecraft:deepslate_diamond_ore":7,"minecraft:crafting_table":6,"minecraft:spruce_fence":2,"minecraft:campfire":1,"minecraft:coal_block":30,"minecraft:cobblestone":6,"minecraft:diorite_stairs":1,"minecraft:lapis_ore":6,"minecraft:sandstone":1,"minecraft:wall_torch":1,"minecraft:blue_bed":2,"minecraft:hay_block":5,"minecraft:birch_planks":3,"minecraft:raw_iron_block":3,"minecraft:furnace":2,"minecraft:mud":1,"minecraft:iron_ore":1,"minecraft:spruce_log":7,"minecraft:stripped_spruce_log":9,"minecraft:bookshelf":2,"minecraft:iron_bars":1,"minecraft:sand":1,"minecraft:stone":10,"minecraft:deepslate":1},"minecraft:picked_up":{"minecraft:charcoal":2,"minecraft:crafting_table":6,"morevanillashields:emerald_shield":1,"minecraft:tuff":1,"minecraft:lapis_lazuli":40,"minecraft:string":17,"minecraft:dirt":7,"minecraft:blue_bed":2,"minecraft:diorite_stairs":1,"minecraft:bone":18,"minecraft:apple":3,"minecraft:bow":2,"minecraft:spruce_planks":4,"minecraft:iron_ingot":8,"minecraft:coal_block":38,"minecraft:furnace":2,"minecraft:book":6,"minecraft:tipped_arrow":5,"minecraft:raw_iron":1,"minecraft:sand":1,"minecraft:raw_iron_block":3,"minecraft:stripped_spruce_log":9,"minecraft:carrot":1,"minecraft:spruce_log":7,"minecraft:arrow":24,"minecraft:rotten_flesh":9,"minecraft:diamond":4,"minecraft:hay_block":5,"minecraft:bread":34,"minecraft:terracotta":2,"minecraft:iron_bars":1,"minecraft:snowball":64,"minecraft:cobblestone":6},"minecraft:killed_by":{"minecraft:enderman":1},"minecraft:crafted":{"minecraft:raw_iron":27,"minecraft:iron_nugget":9,"minecraft:spruce_planks":36,"minecraft:wooden_pickaxe":1,"minecraft:iron_helmet":1,"minecraft:bucket":1,"minecraft:stone_axe":1,"minecraft:bread":18,"simplyswords:iron_greathammer":2,"minecraft:iron_boots":1,"minecraft:iron_chestplate":1,"morevanillashields:coal_shield":2,"minecraft:golden_apple":3,"minecraft:iron_axe":1,"minecraft:stick":16,"minecraft:iron_pickaxe":1,"minecraft:stone_pickaxe":1,"minecraft:wooden_axe":1,"minecraft:snow_block":16,"minecraft:iron_leggings":1,"minecraft:spruce_boat":1,"minecraft:wheat":45},"minecraft:killed":{"minecraft:spider":8,"minecraft:creeper":1,"minecraft:polar_bear":1,"minecraft:skeleton":4,"minecraft:pillager":1,"minecraft:zombie":8,"minecraft:stray":12},"minecraft:used":{"morevanillashields:coal_shield":14,"minecraft:water_bucket":8,"simplyswords:gold_greataxe":13,"minecraft:snow_block":16,"minecraft:stone_pickaxe":15,"minecraft:spruce_planks":4,"minecraft:wooden_pickaxe":6,"morevanillashields:emerald_shield":43,"minecraft:blue_bed":1,"minecraft:dirt":7,"minecraft:terracotta":2,"minecraft:crafting_table":4,"minecraft:spruce_boat":1,"simplyswords:iron_greathammer":87,"minecraft:wooden_axe":14,"minecraft:iron_axe":19,"minecraft:bread":25,"minecraft:iron_pickaxe":52,"minecraft:stone_axe":30,"minecraft:furnace":1,"minecraft:bucket":8},"minecraft:custom":{"minecraft:interact_with_furnace":5,"minecraft:mob_kills":36,"minecraft:interact_with_crafting_table":22,"minecraft:open_barrel":19,"minecraft:leave_game":2,"minecraft:time_since_death":14715,"minecraft:climb_one_cm":1492,"minecraft:time_since_rest":14746,"minecraft:sprint_one_cm":171024,"minecraft:damage_taken":1635,"minecraft:walk_one_cm":246687,"minecraft:damage_blocked_by_shield":1515,"minecraft:drop":13,"minecraft:damage_dealt":8477,"minecraft:swim_one_cm":10461,"minecraft:talked_to_villager":1,"minecraft:fly_one_cm":351935,"minecraft:open_chest":34,"minecraft:crouch_one_cm":2200,"minecraft:play_time":70913,"minecraft:deaths":2,"minecraft:sneak_time":536,"minecraft:walk_under_water_one_cm":18935,"minecraft:boat_one_cm":48387,"minecraft:jump":1808,"minecraft:walk_on_water_one_cm":10715,"minecraft:total_world_time":70913,"minecraft:fall_one_cm":39567}},"DataVersion":3465}