{"stats":{"minecraft:dropped":{"minecraft:wheat_seeds":1,"minecraft:diamond_axe":2,"minecraft:golden_horse_armor":2,"universal_graves:grave_compass":17,"minecraft:spruce_fence":6,"minecraft:pumpkin_seeds":6,"minecraft:coal":5,"minecraft:coal_block":3,"minecraft:stick":4,"minecraft:diamond_sword":1,"minecraft:dirt":1,"minecraft:spruce_planks":2,"minecraft:dark_oak_wood":6,"minecraft:smooth_quartz":6,"minecraft:spider_eye":2,"minecraft:arrow":1,"minecraft:wooden_pickaxe":4,"minecraft:dark_prismarine":3,"minecraft:string":22,"minecraft:dark_oak_planks":7,"minecraft:cyan_carpet":11,"minecraft:bone":3},"minecraft:killed_by":{"minecraft:cave_spider":3,"minecraft:wither_skeleton":7,"minecraft:skeleton":2,"minecraft:spider":3},"minecraft:picked_up":{"minecraft:crafting_table":2,"minecraft:birch_door":1,"minecraft:diamond_sword":2,"minecraft:wooden_pickaxe":5,"minecraft:oak_log":4,"minecraft:brewing_stand":1,"minecraft:string":31,"minecraft:dirt":2,"minecraft:item_frame":2,"minecraft:armor_stand":1,"universal_graves:grave_compass":9,"minecraft:bone":73,"minecraft:chipped_anvil":2,"minecraft:cyan_carpet":11,"minecraft:wheat_seeds":1,"bosses_of_mass_destruction:soul_star":1,"minecraft:spruce_planks":9,"minecraft:rose_bush":1,"minecraft:player_head":2,"minecraft:calcite":1,"minecraft:smooth_quartz":11,"minecraft:coal_block":4,"minecraft:birch_sapling":1,"minecraft:oak_planks":2,"minecraft:book":225,"minecraft:stick":8,"minecraft:stripped_mangrove_wood":2,"minecraft:dark_oak_slab":3,"minecraft:cooked_porkchop":1,"minecraft:torch":1,"minecraft:spruce_fence":7,"minecraft:blast_furnace":3,"minecraft:cyan_bed":1,"minecraft:spider_eye":5,"minecraft:dark_prismarine":9,"minecraft:dark_oak_planks":114,"minecraft:oak_wood":1,"minecraft:pumpkin_seeds":6,"minecraft:arrow":84,"minecraft:rotten_flesh":1,"minecraft:hay_block":14,"minecraft:diamond_axe":3,"minecraft:painting":1,"minecraft:golden_apple":1,"minecraft:golden_horse_armor":4,"minecraft:spruce_sign":1,"minecraft:bread":17,"minecraft:damaged_anvil":2,"minecraft:dark_oak_wood":22,"minecraft:coal":6,"minecraft:cobblestone":19},"minecraft:broken":{"minecraft:golden_boots":1,"minecraft:leather_chestplate":1},"minecraft:used":{"minecraft:golden_boots":1,"morevanillashields:coal_shield":55,"minecraft:damaged_anvil":2,"minecraft:rose_bush":1,"minecraft:stone_pickaxe":61,"minecraft:mangrove_planks":7,"minecraft:oak_planks":5,"minecraft:spruce_planks":3,"minecraft:wooden_pickaxe":9,"minecraft:leather_chestplate":1,"minecraft:chainmail_helmet":1,"minecraft:diamond_axe":492,"minecraft:player_head":1,"minecraft:golden_apple":1,"minecraft:torch":1,"minecraft:crafting_table":2,"minecraft:painting":1,"minecraft:spruce_fence":1,"minecraft:dark_oak_planks":79,"minecraft:dark_prismarine":6,"minecraft:bread":28,"minecraft:cyan_bed":1,"minecraft:dark_oak_wood":2,"minecraft:dark_oak_slab":3,"minecraft:smooth_quartz":5,"minecraft:coal_block":1,"minecraft:stone_axe":91,"minecraft:diamond_sword":139,"minecraft:cobblestone":13,"minecraft:golden_carrot":6,"travelersbackpack:standard":1,"minecraft:hay_block":2,"minecraft:chainmail_boots":1,"minecraft:pumpkin_pie":2,"minecraft:iron_leggings":1},"minecraft:custom":{"minecraft:interact_with_furnace":1,"minecraft:interact_with_anvil":2,"minecraft:mob_kills":94,"minecraft:interact_with_crafting_table":10,"minecraft:open_barrel":16,"minecraft:damage_dealt_resisted":5191,"minecraft:eat_cake_slice":1,"minecraft:time_since_death":3345,"minecraft:climb_one_cm":15463,"minecraft:time_since_rest":3369,"minecraft:sprint_one_cm":123755,"minecraft:damage_absorbed":40,"minecraft:damage_taken":6276,"minecraft:walk_one_cm":350980,"minecraft:damage_blocked_by_shield":1421,"minecraft:drop":97,"minecraft:damage_dealt":32632,"minecraft:fly_one_cm":116507,"minecraft:open_chest":25,"minecraft:play_time":103284,"minecraft:crouch_one_cm":44795,"minecraft:deaths":15,"minecraft:sneak_time":13183,"minecraft:jump":1309,"minecraft:total_world_time":103284,"minecraft:fall_one_cm":22420},"minecraft:killed":{"minecraft:cave_spider":20,"minecraft:spider":19,"minecraft:frog":2,"minecraft:skeleton":17,"minecraft:zombie":2,"minecraft:wither_skeleton":34},"minecraft:mined":{"minecraft:dark_oak_planks":137,"minecraft:dark_prismarine":4,"minecraft:spruce_planks":8,"minecraft:brewing_stand":1,"minecraft:crafting_table":2,"minecraft:torch":1,"minecraft:blast_furnace":3,"minecraft:dark_oak_wood":20,"minecraft:spruce_fence":4,"minecraft:calcite":1,"minecraft:oak_wood":1,"minecraft:rose_bush":2,"minecraft:coal_block":5,"minecraft:tall_grass":2,"minecraft:cobblestone":8,"minecraft:cyan_bed":1,"minecraft:damaged_anvil":2,"minecraft:oak_planks":2,"minecraft:spawner":10,"minecraft:hay_block":8,"minecraft:dark_oak_slab":3,"minecraft:birch_leaves":13,"minecraft:peony":1,"minecraft:dark_oak_stairs":3,"minecraft:grass":1,"minecraft:bookshelf":75,"minecraft:coal_ore":1,"minecraft:oak_log":4,"minecraft:cyan_carpet":4,"minecraft:smooth_quartz":16,"minecraft:stripped_mangrove_wood":2,"minecraft:stone":11,"minecraft:chipped_anvil":2,"minecraft:player_head":2},"minecraft:crafted":{"minecraft:oak_planks":20,"minecraft:diamond_axe":1,"minecraft:crafting_table":1,"minecraft:wooden_pickaxe":1,"minecraft:mangrove_planks":8,"minecraft:stone_axe":1,"morevanillashields:coal_shield":1,"minecraft:stick":8,"minecraft:stone_pickaxe":1,"minecraft:dark_oak_planks":28}},"DataVersion":3465}