{"stats":{"minecraft:dropped":{"minecraft:bread":2,"universal_graves:grave_compass":1,"morevanillashields:coal_shield":1,"simplyswords:gold_greataxe":1,"simplyswords:iron_greathammer":1},"minecraft:mined":{"minecraft:crafting_table":3,"minecraft:campfire":1,"minecraft:coal_block":30,"minecraft:cobblestone":6,"minecraft:diorite_stairs":1,"minecraft:blue_bed":2,"minecraft:hay_block":5,"minecraft:raw_iron_block":3,"minecraft:furnace":2,"minecraft:spruce_log":7,"minecraft:stripped_spruce_log":9,"minecraft:bookshelf":2,"minecraft:iron_bars":1},"minecraft:picked_up":{"minecraft:charcoal":2,"minecraft:crafting_table":3,"morevanillashields:emerald_shield":1,"minecraft:dirt":7,"minecraft:blue_bed":2,"minecraft:diorite_stairs":1,"minecraft:bone":16,"minecraft:bow":2,"minecraft:iron_ingot":8,"minecraft:coal_block":38,"minecraft:furnace":2,"minecraft:book":6,"minecraft:tipped_arrow":4,"minecraft:raw_iron_block":3,"minecraft:stripped_spruce_log":9,"minecraft:spruce_log":7,"minecraft:arrow":22,"minecraft:hay_block":5,"minecraft:bread":34,"minecraft:terracotta":2,"minecraft:iron_bars":1,"minecraft:snowball":64,"minecraft:cobblestone":6},"minecraft:crafted":{"minecraft:raw_iron":27,"minecraft:iron_nugget":9,"minecraft:spruce_planks":36,"minecraft:wooden_pickaxe":1,"minecraft:iron_helmet":1,"minecraft:bucket":1,"minecraft:stone_axe":1,"minecraft:bread":18,"simplyswords:iron_greathammer":2,"minecraft:iron_boots":1,"minecraft:iron_chestplate":1,"morevanillashields:coal_shield":2,"minecraft:iron_axe":1,"minecraft:stick":16,"minecraft:iron_pickaxe":1,"minecraft:stone_pickaxe":1,"minecraft:wooden_axe":1,"minecraft:snow_block":16,"minecraft:iron_leggings":1,"minecraft:wheat":45},"minecraft:killed":{"minecraft:zombie":1,"minecraft:stray":12},"minecraft:used":{"morevanillashields:coal_shield":14,"simplyswords:gold_greataxe":13,"minecraft:snow_block":16,"minecraft:stone_pickaxe":15,"minecraft:wooden_pickaxe":6,"morevanillashields:emerald_shield":14,"minecraft:blue_bed":1,"minecraft:dirt":7,"minecraft:terracotta":2,"minecraft:crafting_table":1,"simplyswords:iron_greathammer":5,"minecraft:wooden_axe":14,"minecraft:iron_axe":1,"minecraft:bread":11,"minecraft:iron_pickaxe":22,"minecraft:stone_axe":30,"minecraft:furnace":1,"minecraft:bucket":1},"minecraft:custom":{"minecraft:interact_with_furnace":5,"minecraft:mob_kills":13,"minecraft:interact_with_crafting_table":19,"minecraft:leave_game":2,"minecraft:time_since_death":24210,"minecraft:climb_one_cm":1492,"minecraft:time_since_rest":24245,"minecraft:sprint_one_cm":92869,"minecraft:damage_taken":700,"minecraft:walk_one_cm":123490,"minecraft:damage_blocked_by_shield":510,"minecraft:drop":6,"minecraft:damage_dealt":2303,"minecraft:talked_to_villager":1,"minecraft:fly_one_cm":113345,"minecraft:open_chest":33,"minecraft:crouch_one_cm":1231,"minecraft:play_time":34913,"minecraft:deaths":1,"minecraft:sneak_time":349,"minecraft:jump":697,"minecraft:walk_on_water_one_cm":958,"minecraft:total_world_time":34913,"minecraft:fall_one_cm":15861}},"DataVersion":3465}