{"stats":{"minecraft:dropped":{"minecraft:crimson_planks":1,"minecraft:bread":2,"simplyswords:gold_greataxe":1,"minecraft:flint":7,"minecraft:sand":1,"minecraft:iron_axe":2,"minecraft:blue_bed":1,"minecraft:tuff":1,"minecraft:raw_iron":1,"minecraft:rotten_flesh":9,"universal_graves:grave_compass":2,"morevanillashields:coal_shield":2,"minecraft:carrot":1,"bosses_of_mass_destruction:soul_star":1,"minecraft:tipped_arrow":1,"minecraft:spruce_planks":7,"minecraft:spruce_log":7,"minecraft:arrow":1,"minecraft:bow":2,"simplyswords:iron_greathammer":1},"minecraft:mined":{"minecraft:tuff":2,"minecraft:spruce_planks":12,"minecraft:white_bed":1,"minecraft:deepslate_diamond_ore":7,"minecraft:brewing_stand":1,"minecraft:purple_terracotta":2,"minecraft:spruce_fence":2,"minecraft:grass_block":2,"minecraft:stone_brick_wall":2,"minecraft:jungle_planks":3,"minecraft:coal_block":30,"minecraft:diorite_stairs":1,"minecraft:sandstone":1,"minecraft:hay_block":10,"minecraft:raw_iron_block":3,"minecraft:furnace":2,"minecraft:polished_basalt":2,"minecraft:iron_ore":1,"minecraft:stripped_spruce_log":9,"minecraft:bookshelf":2,"minecraft:iron_bars":1,"minecraft:quartz_slab":1,"minecraft:packed_ice":19,"minecraft:stone":10,"minecraft:light_gray_carpet":1,"minecraft:basalt":10,"minecraft:crafting_table":7,"minecraft:campfire":1,"minecraft:cobblestone":6,"minecraft:lapis_ore":6,"minecraft:blue_bed":2,"minecraft:wall_torch":1,"minecraft:birch_planks":3,"minecraft:mud":1,"minecraft:ice":8,"minecraft:spruce_log":7,"minecraft:grass":3,"minecraft:sand":1,"minecraft:dirt":1,"minecraft:crimson_planks":6,"minecraft:stone_bricks":2,"minecraft:deepslate":1},"minecraft:picked_up":{"minecraft:charcoal":2,"minecraft:crafting_table":7,"morevanillashields:emerald_shield":1,"minecraft:crimson_planks":1,"minecraft:brewing_stand":1,"minecraft:string":21,"minecraft:iron_axe":1,"bosses_of_mass_destruction:soul_star":1,"minecraft:spruce_planks":12,"minecraft:coal_block":38,"minecraft:furnace":2,"minecraft:tipped_arrow":10,"minecraft:raw_iron":1,"minecraft:carrot":1,"minecraft:arrow":44,"minecraft:rotten_flesh":9,"minecraft:hay_block":10,"minecraft:iron_bars":1,"minecraft:snowball":64,"minecraft:cobblestone":6,"minecraft:basalt":10,"minecraft:tuff":1,"minecraft:gunpowder":2,"minecraft:diorite_stairs":1,"minecraft:blue_bed":2,"minecraft:lapis_lazuli":40,"minecraft:dirt":7,"minecraft:bone":18,"minecraft:apple":3,"minecraft:bow":3,"minecraft:iron_ingot":8,"minecraft:book":6,"minecraft:raw_iron_block":3,"minecraft:sand":2,"minecraft:stripped_spruce_log":9,"minecraft:spruce_log":7,"minecraft:white_bed":1,"minecraft:grass_block":1,"minecraft:diamond":4,"minecraft:bread":34,"minecraft:terracotta":2,"minecraft:ender_pearl":1},"minecraft:killed_by":{"minecraft:enderman":1},"minecraft:crafted":{"minecraft:raw_iron":27,"minecraft:iron_nugget":9,"minecraft:iron_boots":1,"minecraft:iron_axe":1,"minecraft:stone_pickaxe":1,"minecraft:spruce_boat":1,"minecraft:wheat":45,"minecraft:spruce_planks":36,"minecraft:iron_helmet":1,"minecraft:wooden_pickaxe":1,"immersive_melodies:lute":1,"minecraft:bucket":1,"minecraft:stone_axe":1,"simplyswords:iron_greathammer":2,"minecraft:bread":18,"minecraft:iron_chestplate":1,"morevanillashields:coal_shield":2,"minecraft:golden_apple":3,"minecraft:stick":20,"minecraft:iron_pickaxe":1,"minecraft:wooden_axe":1,"minecraft:snow_block":16,"minecraft:iron_leggings":1},"minecraft:killed":{"minecraft:spider":10,"minecraft:skeleton":7,"minecraft:creeper":3,"minecraft:polar_bear":1,"minecraft:pillager":2,"minecraft:zombie":13,"minecraft:stray":26,"minecraft:enderman":1},"minecraft:used":{"morevanillashields:coal_shield":14,"minecraft:spruce_planks":5,"minecraft:iron_sword":1,"minecraft:dirt":7,"simplyswords:diamond_longsword":6,"minecraft:spruce_boat":1,"minecraft:wooden_axe":14,"minecraft:iron_axe":27,"minecraft:bow":3,"minecraft:hay_block":1,"minecraft:furnace":1,"minecraft:water_bucket":31,"simplyswords:gold_greataxe":13,"minecraft:snow_block":16,"minecraft:stone_pickaxe":15,"minecraft:wooden_pickaxe":6,"minecraft:blue_bed":1,"morevanillashields:emerald_shield":79,"minecraft:terracotta":2,"minecraft:crafting_table":6,"simplyswords:iron_greathammer":168,"minecraft:bread":54,"minecraft:iron_pickaxe":106,"minecraft:stone_axe":30,"minecraft:bucket":32},"minecraft:custom":{"minecraft:mob_kills":68,"minecraft:interact_with_anvil":5,"minecraft:interact_with_crafting_table":25,"minecraft:open_barrel":25,"minecraft:damage_dealt_resisted":402,"minecraft:leave_game":2,"minecraft:time_since_death":68715,"minecraft:climb_one_cm":5251,"minecraft:sprint_one_cm":286730,"minecraft:walk_one_cm":425324,"minecraft:damage_blocked_by_shield":2570,"minecraft:drop":31,"minecraft:talked_to_villager":3,"minecraft:play_time":124913,"minecraft:walk_under_water_one_cm":37810,"minecraft:deaths":2,"minecraft:sneak_time":888,"minecraft:boat_one_cm":48387,"minecraft:jump":3142,"minecraft:walk_on_water_one_cm":24192,"minecraft:total_world_time":124913,"minecraft:interact_with_furnace":5,"minecraft:sleep_in_bed":1,"minecraft:time_since_rest":52651,"minecraft:damage_taken":2865,"minecraft:damage_dealt":15078,"minecraft:swim_one_cm":21997,"minecraft:fly_one_cm":633590,"minecraft:open_chest":68,"minecraft:crouch_one_cm":2581,"minecraft:fall_one_cm":66141,"minecraft:inspect_dispenser":4}},"DataVersion":3465}