{"stats":{"minecraft:dropped":{"minecraft:wheat_seeds":2,"minecraft:diamond_axe":2,"minecraft:golden_horse_armor":2,"minecraft:cooked_porkchop":2,"minecraft:coal":13,"minecraft:coal_block":3,"minecraft:stick":8,"minecraft:dirt":1,"minecraft:dark_oak_wood":9,"minecraft:rose_bush":1,"minecraft:smooth_quartz":6,"minecraft:diamond_helmet":1,"minecraft:chipped_anvil":2,"minecraft:dark_oak_planks":7,"minecraft:string":22,"minecraft:cyan_carpet":11,"minecraft:bone":52,"minecraft:player_head":1,"minecraft:rotten_flesh":1,"universal_graves:grave_compass":29,"minecraft:spruce_fence":8,"minecraft:pumpkin_seeds":6,"minecraft:diamond_sword":5,"minecraft:diamond_chestplate":1,"minecraft:spruce_planks":2,"minecraft:spider_eye":14,"minecraft:arrow":36,"minecraft:wooden_pickaxe":4,"minecraft:dark_prismarine":3},"minecraft:killed_by":{"minecraft:wither_skeleton":12,"minecraft:spider":3,"minecraft:cave_spider":4,"minecraft:skeleton":4},"minecraft:picked_up":{"minecraft:birch_door":1,"minecraft:crafting_table":2,"minecraft:diamond_sword":12,"minecraft:wooden_pickaxe":5,"minecraft:brewing_stand":1,"minecraft:string":63,"minecraft:armor_stand":1,"minecraft:item_frame":2,"universal_graves:grave_compass":17,"minecraft:cyan_carpet":14,"minecraft:diamond_leggings":1,"bosses_of_mass_destruction:soul_star":2,"minecraft:spruce_planks":10,"minecraft:rose_bush":2,"minecraft:redstone_torch":1,"minecraft:calcite":1,"minecraft:player_head":2,"minecraft:smooth_quartz":13,"minecraft:chest":2,"minecraft:coal_block":11,"minecraft:birch_sapling":1,"minecraft:stripped_mangrove_wood":2,"minecraft:stick":16,"minecraft:torch":65,"minecraft:spruce_fence":9,"minecraft:dark_oak_planks":133,"minecraft:arrow":103,"minecraft:diamond_chestplate":1,"minecraft:rotten_flesh":2,"minecraft:hay_block":14,"immersive_melodies:flute":1,"minecraft:cobblestone":19,"minecraft:enchanting_table":1,"minecraft:birch_planks":1,"minecraft:oak_log":4,"minecraft:dirt":2,"minecraft:chipped_anvil":5,"minecraft:bone":221,"minecraft:wheat_seeds":2,"minecraft:diamond_helmet":1,"minecraft:oak_planks":14,"minecraft:book":243,"minecraft:dark_oak_slab":3,"minecraft:cooked_porkchop":45,"minecraft:blast_furnace":3,"minecraft:cyan_bed":6,"minecraft:spider_eye":21,"minecraft:dark_prismarine":9,"minecraft:oak_wood":1,"minecraft:pumpkin_seeds":6,"minecraft:diamond":21,"minecraft:diamond_axe":3,"minecraft:painting":1,"minecraft:golden_apple":1,"minecraft:spruce_sign":1,"minecraft:golden_horse_armor":4,"minecraft:bread":17,"minecraft:damaged_anvil":3,"minecraft:dark_oak_wood":26,"minecraft:coal":38,"minecraft:diamond_pickaxe":1},"minecraft:broken":{"minecraft:golden_boots":1,"minecraft:iron_leggings":1,"minecraft:chainmail_helmet":1,"minecraft:leather_chestplate":1,"minecraft:chainmail_boots":1},"minecraft:used":{"morevanillashields:coal_shield":79,"minecraft:rose_bush":1,"minecraft:chest":2,"minecraft:spruce_planks":3,"minecraft:player_head":1,"minecraft:torch":16,"minecraft:diamond_helmet":1,"minecraft:spruce_fence":1,"minecraft:dark_oak_planks":137,"minecraft:chipped_anvil":2,"minecraft:dark_oak_wood":2,"minecraft:dark_oak_slab":3,"minecraft:smooth_quartz":5,"minecraft:diamond_chestplate":1,"minecraft:golden_carrot":6,"minecraft:hay_block":2,"minecraft:iron_leggings":1,"minecraft:golden_boots":1,"minecraft:damaged_anvil":2,"minecraft:diamond_boots":1,"minecraft:stone_pickaxe":73,"minecraft:mangrove_planks":7,"minecraft:oak_planks":5,"minecraft:leather_chestplate":1,"minecraft:wooden_pickaxe":9,"minecraft:chainmail_helmet":1,"minecraft:diamond_axe":558,"minecraft:golden_apple":1,"minecraft:crafting_table":4,"minecraft:painting":1,"minecraft:redstone_torch":1,"minecraft:dark_prismarine":6,"minecraft:diamond_pickaxe":3,"minecraft:cyan_bed":5,"minecraft:bread":44,"minecraft:stone_axe":91,"minecraft:diamond_sword":718,"minecraft:coal_block":1,"minecraft:cobblestone":13,"travelersbackpack:standard":1,"minecraft:chainmail_boots":1,"minecraft:cooked_porkchop":27,"minecraft:pumpkin_pie":11,"minecraft:diamond_leggings":1},"minecraft:custom":{"minecraft:mob_kills":216,"minecraft:interact_with_anvil":5,"minecraft:interact_with_crafting_table":17,"minecraft:open_barrel":16,"minecraft:damage_dealt_resisted":17633,"minecraft:eat_cake_slice":1,"minecraft:time_since_death":12269,"minecraft:climb_one_cm":15463,"minecraft:sprint_one_cm":289451,"minecraft:walk_one_cm":649254,"minecraft:damage_blocked_by_shield":2180,"minecraft:drop":167,"minecraft:play_time":175284,"minecraft:deaths":26,"minecraft:sneak_time":22470,"minecraft:walk_under_water_one_cm":673,"minecraft:jump":2521,"minecraft:walk_on_water_one_cm":11402,"minecraft:total_world_time":175284,"minecraft:interact_with_furnace":2,"minecraft:time_since_rest":12295,"minecraft:damage_taken":12913,"minecraft:damage_absorbed":40,"minecraft:damage_dealt":71795,"minecraft:swim_one_cm":5430,"minecraft:fly_one_cm":307772,"minecraft:open_chest":58,"minecraft:crouch_one_cm":82473,"minecraft:fall_one_cm":49332},"minecraft:killed":{"minecraft:cave_spider":33,"minecraft:spider":26,"minecraft:skeleton":27,"minecraft:frog":2,"minecraft:zombie":4,"minecraft:wither_skeleton":121},"minecraft:mined":{"minecraft:dark_oak_planks":162,"minecraft:dark_prismarine":4,"minecraft:spruce_planks":10,"minecraft:brewing_stand":1,"minecraft:spruce_fence":5,"minecraft:coal_block":12,"minecraft:spawner":11,"minecraft:hay_block":8,"minecraft:enchanting_table":1,"minecraft:peony":1,"minecraft:dark_oak_stairs":5,"minecraft:bookshelf":81,"minecraft:stone":11,"minecraft:stripped_mangrove_wood":2,"minecraft:player_head":2,"minecraft:crafting_table":3,"minecraft:torch":1,"minecraft:dark_oak_wood":27,"minecraft:blast_furnace":3,"minecraft:oak_wood":2,"minecraft:calcite":1,"minecraft:chest":2,"minecraft:rose_bush":3,"minecraft:tall_grass":2,"minecraft:cobblestone":8,"minecraft:cyan_bed":6,"minecraft:oak_planks":2,"minecraft:damaged_anvil":3,"minecraft:wall_torch":1,"minecraft:dark_oak_slab":3,"minecraft:birch_leaves":13,"minecraft:grass":2,"minecraft:oak_log":4,"minecraft:coal_ore":1,"minecraft:cyan_carpet":5,"minecraft:smooth_quartz":18,"minecraft:chipped_anvil":5},"minecraft:crafted":{"minecraft:oak_planks":20,"minecraft:diamond_helmet":1,"minecraft:diamond_leggings":1,"minecraft:stone_pickaxe":1,"minecraft:diamond_boots":1,"minecraft:dark_oak_planks":28,"minecraft:diamond_axe":1,"minecraft:crafting_table":2,"minecraft:wooden_pickaxe":1,"minecraft:mangrove_planks":8,"minecraft:stone_axe":1,"morevanillashields:coal_shield":1,"minecraft:diamond_pickaxe":1,"minecraft:stick":8,"minecraft:diamond_chestplate":1}},"DataVersion":3465}