{"stats":{"minecraft:dropped":{"minecraft:bread":2,"minecraft:tuff":1,"universal_graves:grave_compass":1,"morevanillashields:coal_shield":1,"simplyswords:gold_greataxe":1,"simplyswords:iron_greathammer":1},"minecraft:mined":{"minecraft:light_gray_carpet":1,"minecraft:tuff":2,"minecraft:spruce_planks":4,"minecraft:deepslate_diamond_ore":7,"minecraft:crafting_table":3,"minecraft:campfire":1,"minecraft:coal_block":30,"minecraft:cobblestone":6,"minecraft:diorite_stairs":1,"minecraft:lapis_ore":6,"minecraft:wall_torch":1,"minecraft:blue_bed":2,"minecraft:hay_block":5,"minecraft:raw_iron_block":3,"minecraft:furnace":2,"minecraft:iron_ore":1,"minecraft:spruce_log":7,"minecraft:stripped_spruce_log":9,"minecraft:bookshelf":2,"minecraft:iron_bars":1,"minecraft:stone":10,"minecraft:deepslate":1},"minecraft:picked_up":{"minecraft:charcoal":2,"minecraft:crafting_table":3,"morevanillashields:emerald_shield":1,"minecraft:tuff":1,"minecraft:lapis_lazuli":40,"minecraft:string":14,"minecraft:dirt":7,"minecraft:blue_bed":2,"minecraft:diorite_stairs":1,"minecraft:bone":16,"minecraft:bow":2,"minecraft:spruce_planks":4,"minecraft:iron_ingot":8,"minecraft:coal_block":38,"minecraft:furnace":2,"minecraft:book":6,"minecraft:tipped_arrow":4,"minecraft:raw_iron":1,"minecraft:raw_iron_block":3,"minecraft:stripped_spruce_log":9,"minecraft:spruce_log":7,"minecraft:arrow":22,"minecraft:rotten_flesh":1,"minecraft:diamond":4,"minecraft:hay_block":5,"minecraft:bread":34,"minecraft:terracotta":2,"minecraft:iron_bars":1,"minecraft:snowball":64,"minecraft:cobblestone":6},"minecraft:crafted":{"minecraft:raw_iron":27,"minecraft:iron_nugget":9,"minecraft:spruce_planks":36,"minecraft:wooden_pickaxe":1,"minecraft:iron_helmet":1,"minecraft:bucket":1,"minecraft:stone_axe":1,"minecraft:bread":18,"simplyswords:iron_greathammer":2,"minecraft:iron_boots":1,"minecraft:iron_chestplate":1,"morevanillashields:coal_shield":2,"minecraft:iron_axe":1,"minecraft:stick":16,"minecraft:iron_pickaxe":1,"minecraft:stone_pickaxe":1,"minecraft:wooden_axe":1,"minecraft:snow_block":16,"minecraft:iron_leggings":1,"minecraft:wheat":45},"minecraft:killed":{"minecraft:spider":6,"minecraft:creeper":1,"minecraft:skeleton":1,"minecraft:zombie":2,"minecraft:stray":12},"minecraft:used":{"morevanillashields:coal_shield":14,"minecraft:water_bucket":7,"simplyswords:gold_greataxe":13,"minecraft:snow_block":16,"minecraft:stone_pickaxe":15,"minecraft:spruce_planks":4,"minecraft:wooden_pickaxe":6,"morevanillashields:emerald_shield":18,"minecraft:blue_bed":1,"minecraft:dirt":7,"minecraft:terracotta":2,"minecraft:crafting_table":2,"simplyswords:iron_greathammer":40,"minecraft:wooden_axe":14,"minecraft:iron_axe":7,"minecraft:bread":16,"minecraft:iron_pickaxe":50,"minecraft:stone_axe":30,"minecraft:furnace":1,"minecraft:bucket":8},"minecraft:custom":{"minecraft:interact_with_furnace":5,"minecraft:mob_kills":23,"minecraft:interact_with_crafting_table":19,"minecraft:open_barrel":10,"minecraft:leave_game":2,"minecraft:time_since_death":36210,"minecraft:climb_one_cm":1492,"minecraft:time_since_rest":36245,"minecraft:sprint_one_cm":116611,"minecraft:damage_taken":932,"minecraft:walk_one_cm":160429,"minecraft:damage_blocked_by_shield":580,"minecraft:drop":7,"minecraft:damage_dealt":4591,"minecraft:swim_one_cm":4839,"minecraft:talked_to_villager":1,"minecraft:fly_one_cm":169811,"minecraft:open_chest":33,"minecraft:crouch_one_cm":1922,"minecraft:play_time":46913,"minecraft:deaths":1,"minecraft:sneak_time":478,"minecraft:walk_under_water_one_cm":15184,"minecraft:jump":1026,"minecraft:walk_on_water_one_cm":7047,"minecraft:total_world_time":46913,"minecraft:fall_one_cm":23815}},"DataVersion":3465}