{"stats":{"minecraft:picked_up":{"minecraft:oak_log":4},"minecraft:used":{"minecraft:crafting_table":1},"minecraft:custom":{"minecraft:jump":33,"minecraft:open_chest":1,"minecraft:time_since_rest":3973,"minecraft:sprint_one_cm":3287,"minecraft:play_time":3973,"minecraft:time_since_death":3973,"minecraft:walk_one_cm":3350,"minecraft:total_world_time":3973,"minecraft:interact_with_crafting_table":1,"minecraft:fall_one_cm":954,"minecraft:fly_one_cm":5640},"minecraft:crafted":{"minecraft:crafting_table":1,"minecraft:oak_planks":16,"minecraft:stick":4,"minecraft:wooden_pickaxe":1},"minecraft:mined":{"minecraft:oak_log":4}},"DataVersion":3465}