{"stats":{"minecraft:picked_up":{"minecraft:crafting_table":2,"minecraft:birch_door":1,"minecraft:diamond_sword":2,"minecraft:wooden_pickaxe":5,"minecraft:oak_log":4,"minecraft:brewing_stand":1,"minecraft:dirt":2,"minecraft:string":18,"minecraft:item_frame":2,"minecraft:armor_stand":1,"universal_graves:grave_compass":6,"minecraft:chipped_anvil":1,"minecraft:bone":65,"minecraft:cyan_carpet":8,"minecraft:wheat_seeds":1,"minecraft:spruce_planks":9,"minecraft:rose_bush":1,"minecraft:calcite":1,"minecraft:player_head":2,"minecraft:smooth_quartz":9,"minecraft:coal_block":4,"minecraft:birch_sapling":1,"minecraft:oak_planks":2,"minecraft:book":225,"minecraft:stick":8,"minecraft:stripped_mangrove_wood":2,"minecraft:dark_oak_slab":3,"minecraft:cooked_porkchop":1,"minecraft:spruce_fence":4,"minecraft:blast_furnace":3,"minecraft:cyan_bed":1,"minecraft:spider_eye":4,"minecraft:dark_oak_planks":46,"minecraft:dark_prismarine":9,"minecraft:oak_wood":1,"minecraft:pumpkin_seeds":6,"minecraft:arrow":55,"minecraft:rotten_flesh":1,"minecraft:hay_block":12,"minecraft:diamond_axe":1,"minecraft:painting":1,"minecraft:golden_apple":1,"minecraft:golden_horse_armor":4,"minecraft:spruce_sign":1,"minecraft:damaged_anvil":2,"minecraft:dark_oak_wood":10,"minecraft:coal":6,"minecraft:cobblestone":19},"minecraft:used":{"minecraft:golden_boots":1,"morevanillashields:coal_shield":47,"minecraft:damaged_anvil":2,"minecraft:rose_bush":1,"minecraft:stone_pickaxe":47,"minecraft:mangrove_planks":7,"minecraft:oak_planks":5,"minecraft:spruce_planks":3,"minecraft:leather_chestplate":1,"minecraft:wooden_pickaxe":9,"minecraft:diamond_axe":278,"minecraft:player_head":1,"minecraft:golden_apple":1,"minecraft:crafting_table":2,"minecraft:painting":1,"minecraft:spruce_fence":1,"minecraft:dark_prismarine":6,"minecraft:dark_oak_planks":51,"minecraft:cyan_bed":1,"minecraft:bread":8,"minecraft:dark_oak_wood":2,"minecraft:dark_oak_slab":3,"minecraft:smooth_quartz":5,"minecraft:diamond_sword":76,"minecraft:stone_axe":91,"minecraft:coal_block":1,"minecraft:golden_carrot":2,"minecraft:cobblestone":13,"minecraft:iron_leggings":1},"minecraft:killed":{"minecraft:cave_spider":5,"minecraft:frog":2,"minecraft:skeleton":16,"minecraft:zombie":2,"minecraft:wither_skeleton":29},"minecraft:killed_by":{"minecraft:cave_spider":1,"minecraft:wither_skeleton":6,"minecraft:skeleton":2},"minecraft:custom":{"minecraft:interact_with_furnace":1,"minecraft:interact_with_anvil":2,"minecraft:mob_kills":54,"minecraft:interact_with_crafting_table":10,"minecraft:open_barrel":16,"minecraft:damage_dealt_resisted":4548,"minecraft:eat_cake_slice":1,"minecraft:time_since_death":1223,"minecraft:climb_one_cm":12751,"minecraft:time_since_rest":1260,"minecraft:sprint_one_cm":71592,"minecraft:damage_absorbed":40,"minecraft:damage_taken":3116,"minecraft:walk_one_cm":201170,"minecraft:damage_blocked_by_shield":1261,"minecraft:drop":71,"minecraft:damage_dealt":16967,"minecraft:fly_one_cm":75436,"minecraft:open_chest":22,"minecraft:crouch_one_cm":23822,"minecraft:play_time":63973,"minecraft:deaths":9,"minecraft:sneak_time":7199,"minecraft:jump":774,"minecraft:total_world_time":63973,"minecraft:fall_one_cm":12553},"minecraft:crafted":{"minecraft:oak_planks":20,"minecraft:diamond_axe":1,"minecraft:crafting_table":1,"minecraft:wooden_pickaxe":1,"minecraft:mangrove_planks":8,"minecraft:stone_axe":1,"morevanillashields:coal_shield":1,"minecraft:stick":8,"minecraft:stone_pickaxe":1,"minecraft:dark_oak_planks":24},"minecraft:dropped":{"minecraft:wheat_seeds":1,"minecraft:diamond_axe":1,"minecraft:golden_horse_armor":2,"universal_graves:grave_compass":10,"minecraft:pumpkin_seeds":6,"minecraft:coal":5,"minecraft:coal_block":3,"minecraft:stick":4,"minecraft:dirt":1,"minecraft:spruce_planks":2,"minecraft:smooth_quartz":4,"minecraft:spider_eye":2,"minecraft:arrow":1,"minecraft:wooden_pickaxe":4,"minecraft:dark_oak_planks":7,"minecraft:dark_prismarine":3,"minecraft:string":14,"minecraft:cyan_carpet":8,"minecraft:bone":3},"minecraft:mined":{"minecraft:dark_oak_planks":49,"minecraft:dark_prismarine":4,"minecraft:spruce_planks":8,"minecraft:brewing_stand":1,"minecraft:crafting_table":2,"minecraft:dark_oak_wood":10,"minecraft:spruce_fence":3,"minecraft:calcite":1,"minecraft:blast_furnace":3,"minecraft:oak_wood":1,"minecraft:rose_bush":1,"minecraft:coal_block":4,"minecraft:tall_grass":2,"minecraft:cobblestone":8,"minecraft:cyan_bed":1,"minecraft:damaged_anvil":2,"minecraft:oak_planks":2,"minecraft:spawner":6,"minecraft:hay_block":6,"minecraft:dark_oak_slab":3,"minecraft:birch_leaves":13,"minecraft:peony":1,"minecraft:dark_oak_stairs":1,"minecraft:grass":1,"minecraft:coal_ore":1,"minecraft:bookshelf":75,"minecraft:oak_log":4,"minecraft:cyan_carpet":3,"minecraft:smooth_quartz":9,"minecraft:stone":11,"minecraft:stripped_mangrove_wood":2,"minecraft:chipped_anvil":1,"minecraft:player_head":2}},"DataVersion":3465}