{"stats":{"minecraft:dropped":{"minecraft:spruce_sapling":3},"minecraft:mined":{"minecraft:oak_slab":4,"minecraft:spruce_log":5,"minecraft:glow_lichen":1,"minecraft:grass":3,"minecraft:grass_block":1,"minecraft:dirt_path":2,"minecraft:oak_stairs":2,"minecraft:dead_bush":4,"minecraft:dirt":1,"minecraft:packed_ice":1,"minecraft:spruce_leaves":1,"minecraft:blue_orchid":2,"minecraft:oak_planks":9,"minecraft:spruce_slab":1,"minecraft:wall_torch":2,"minecraft:blue_bed":1},"minecraft:picked_up":{"minecraft:oak_slab":6,"minecraft:stick":3,"minecraft:torch":2,"minecraft:oak_stairs":1,"minecraft:spruce_sapling":3,"minecraft:spruce_log":4,"minecraft:dirt":4,"minecraft:blue_bed":1,"minecraft:blue_orchid":2,"minecraft:spruce_slab":1,"minecraft:oak_planks":8,"minecraft:cod":2},"minecraft:killed_by":{"minecraft:player":2,"minecraft:skeleton":1,"minecraft:zombie":1},"minecraft:crafted":{"minecraft:crafting_table":1,"minecraft:stick":8},"minecraft:killed":{"minecraft:polar_bear":2},"minecraft:used":{"minecraft:spruce_slab":1,"minecraft:blue_bed":1,"minecraft:crafting_table":1,"minecraft:oak_slab":2,"minecraft:cod":2,"minecraft:spruce_log":1},"minecraft:custom":{"minecraft:time_since_rest":19602,"minecraft:sprint_one_cm":35956,"minecraft:damage_taken":1228,"minecraft:walk_one_cm":162586,"minecraft:mob_kills":2,"minecraft:drop":3,"minecraft:damage_dealt":788,"minecraft:interact_with_crafting_table":2,"minecraft:talked_to_villager":1,"minecraft:fly_one_cm":31664,"minecraft:crouch_one_cm":182,"minecraft:play_time":67832,"minecraft:deaths":4,"minecraft:sneak_time":31,"minecraft:walk_under_water_one_cm":7715,"minecraft:jump":559,"minecraft:leave_game":1,"minecraft:time_since_death":49184,"minecraft:walk_on_water_one_cm":11405,"minecraft:sleep_in_bed":1,"minecraft:total_world_time":67832,"minecraft:fall_one_cm":10651}},"DataVersion":3465}