{"stats":{"minecraft:dropped":{"minecraft:spruce_sapling":1},"minecraft:mined":{"minecraft:grass_block":1,"minecraft:dirt_path":2,"minecraft:dead_bush":3,"minecraft:dirt":1,"minecraft:spruce_leaves":1,"minecraft:spruce_log":5,"minecraft:blue_bed":1,"minecraft:spruce_slab":1,"minecraft:wall_torch":2,"minecraft:glow_lichen":1},"minecraft:picked_up":{"minecraft:stick":2,"minecraft:torch":2,"minecraft:spruce_sapling":3,"minecraft:spruce_slab":1,"minecraft:spruce_log":4,"minecraft:blue_bed":1,"minecraft:dirt":4},"minecraft:killed_by":{"minecraft:skeleton":1,"minecraft:zombie":1,"minecraft:player":2},"minecraft:used":{"minecraft:spruce_slab":1,"minecraft:spruce_log":1},"minecraft:custom":{"minecraft:time_since_rest":7211,"minecraft:crouch_one_cm":101,"minecraft:play_time":25832,"minecraft:sprint_one_cm":13960,"minecraft:deaths":4,"minecraft:damage_taken":1128,"minecraft:walk_one_cm":73775,"minecraft:sneak_time":8,"minecraft:walk_under_water_one_cm":442,"minecraft:drop":1,"minecraft:jump":360,"minecraft:damage_dealt":135,"minecraft:walk_on_water_one_cm":1367,"minecraft:leave_game":1,"minecraft:time_since_death":7184,"minecraft:total_world_time":25832,"minecraft:talked_to_villager":1,"minecraft:fall_one_cm":8673,"minecraft:fly_one_cm":14158}},"DataVersion":3465}