{"stats":{"minecraft:dropped":{"minecraft:birch_planks":10,"minecraft:diamond":3,"minecraft:golden_horse_armor":6,"minecraft:cooked_porkchop":43,"minecraft:diamond_leggings":1,"minecraft:cobblestone":2,"minecraft:saddle":1,"minecraft:spruce_stairs":5,"minecraft:chainmail_helmet":4,"minecraft:coal":3,"minecraft:stick":16,"minecraft:dirt":4,"minecraft:ink_sac":6,"minecraft:torch":129,"minecraft:rose_bush":3,"minecraft:smooth_quartz":12,"minecraft:chainmail_leggings":1,"minecraft:paper":2,"minecraft:string":29,"minecraft:dark_oak_planks":18,"minecraft:cyan_carpet":12,"minecraft:spruce_sapling":4,"minecraft:bone":79,"minecraft:coarse_dirt":2,"minecraft:beetroot":2,"minecraft:rotten_flesh":6,"universal_graves:grave_compass":13,"minecraft:spruce_fence":8,"minecraft:pumpkin_seeds":3,"bosses_of_mass_destruction:soul_star":1,"minecraft:diamond_sword":3,"minecraft:gunpowder":10,"minecraft:diamond_chestplate":1,"minecraft:spruce_planks":3,"minecraft:beetroot_seeds":2,"minecraft:chainmail_boots":1,"minecraft:redstone_torch":1,"minecraft:spider_eye":17,"minecraft:arrow":3,"minecraft:wooden_pickaxe":3,"minecraft:stone_pickaxe":3,"minecraft:dark_prismarine":3},"minecraft:killed_by":{"minecraft:wither_skeleton":22,"minecraft:spider":2,"minecraft:cave_spider":6,"minecraft:skeleton":3,"minecraft:zombie":1},"minecraft:picked_up":{"minecraft:crafting_table":2,"minecraft:coarse_dirt":2,"minecraft:chainmail_boots":1,"minecraft:diamond_sword":26,"minecraft:wooden_pickaxe":2,"minecraft:oak_stairs":4,"minecraft:gold_block":8,"minecraft:enchanted_book":1,"minecraft:string":264,"universal_graves:grave_compass":16,"minecraft:experience_bottle":182,"minecraft:cyan_carpet":33,"minecraft:beetroot":6,"minecraft:diamond_leggings":2,"simplyswords:runic_tablet":1,"bosses_of_mass_destruction:soul_star":5,"minecraft:spruce_planks":13,"minecraft:rose_bush":3,"minecraft:redstone_torch":2,"minecraft:smooth_quartz":23,"minecraft:enchanted_golden_apple":2,"minecraft:melon_slice":5,"minecraft:coal_block":4,"minecraft:chest":18,"minecraft:stick":10,"minecraft:torch":97,"minecraft:spruce_stairs":5,"minecraft:spruce_fence":22,"minecraft:redstone":3,"minecraft:dark_oak_planks":65,"simplyswords:iron_scythe":1,"minecraft:arrow":93,"minecraft:diamond_chestplate":5,"minecraft:rotten_flesh":6,"minecraft:beetroot_seeds":2,"minecraft:diamond_boots":5,"minecraft:saddle":2,"minecraft:gold_ingot":30,"minecraft:obsidian":2,"minecraft:stripped_birch_wood":4,"morebows:diamond_bow":1,"minecraft:cobblestone":8,"minecraft:birch_log":9,"minecraft:golden_carrot":72,"minecraft:birch_planks":5,"minecraft:oak_log":2,"minecraft:chainmail_chestplate":1,"minecraft:gunpowder":10,"minecraft:wither_skeleton_skull":7,"minecraft:dirt":3,"minecraft:paper":2,"minecraft:name_tag":1,"minecraft:chipped_anvil":1,"minecraft:bone":276,"minecraft:bow":1,"minecraft:birch_wood":2,"minecraft:iron_ingot":32,"minecraft:stone_pickaxe":2,"minecraft:diamond_helmet":1,"minecraft:book":42,"minecraft:cooked_porkchop":44,"minecraft:pumpkin":9,"minecraft:spruce_sapling":4,"minecraft:spruce_log":31,"minecraft:cyan_bed":6,"minecraft:diamond_block":5,"minecraft:spider_eye":80,"minecraft:dark_prismarine":3,"simplyswords:diamond_greathammer":1,"travelersbackpack:standard":3,"minecraft:pumpkin_seeds":6,"minecraft:diamond":23,"minecraft:chainmail_leggings":1,"minecraft:diamond_axe":1,"minecraft:golden_apple":6,"minecraft:emerald":73,"minecraft:bread":63,"minecraft:golden_horse_armor":4,"minecraft:chainmail_helmet":7,"minecraft:dark_oak_wood":30,"minecraft:coal":143,"minecraft:diamond_pickaxe":1},"minecraft:broken":{"minecraft:diamond_helmet":1,"minecraft:diamond_boots":1,"minecraft:chainmail_chestplate":1,"minecraft:stone_axe":2},"minecraft:used":{"morebows:diamond_bow":65,"minecraft:chest":12,"minecraft:spruce_planks":114,"minecraft:torch":112,"minecraft:diamond_helmet":1,"minecraft:spruce_fence":1,"minecraft:dark_oak_planks":130,"minecraft:oak_stairs":4,"simplyswords:diamond_greathammer":4,"minecraft:smooth_quartz":7,"simplyswords:iron_scythe":29,"minecraft:golden_carrot":64,"minecraft:bow":17,"minecraft:pumpkin":9,"minecraft:birch_planks":11,"minecraft:stone_pickaxe":33,"minecraft:wooden_pickaxe":6,"minecraft:diamond_axe":43,"minecraft:golden_apple":5,"minecraft:crafting_table":2,"minecraft:spruce_log":1,"minecraft:diamond_pickaxe":44,"minecraft:apple":6,"minecraft:cyan_bed":6,"minecraft:bread":56,"minecraft:string":3,"minecraft:cyan_carpet":3,"minecraft:stone_axe":124,"minecraft:diamond_sword":1683,"minecraft:coal_block":1,"travelersbackpack:standard":4,"minecraft:birch_log":4,"minecraft:diamond_leggings":2},"minecraft:custom":{"minecraft:mob_kills":458,"minecraft:interact_with_anvil":13,"minecraft:interact_with_crafting_table":11,"minecraft:damage_dealt_resisted":29113,"minecraft:leave_game":13,"minecraft:time_since_death":11334,"minecraft:climb_one_cm":10449,"minecraft:sprint_one_cm":364204,"minecraft:walk_one_cm":677091,"minecraft:drop":112,"minecraft:play_noteblock":3,"minecraft:play_time":185142,"minecraft:deaths":34,"minecraft:sneak_time":12287,"minecraft:jump":1540,"minecraft:walk_on_water_one_cm":1337,"minecraft:total_world_time":185142,"minecraft:interact_with_furnace":1,"minecraft:tune_noteblock":1,"minecraft:time_since_rest":11364,"minecraft:damage_taken":19445,"minecraft:damage_absorbed":168,"minecraft:damage_dealt":110369,"minecraft:fly_one_cm":211996,"minecraft:open_chest":78,"minecraft:crouch_one_cm":28680,"minecraft:fall_one_cm":46336},"minecraft:killed":{"minecraft:cave_spider":158,"minecraft:spider":51,"minecraft:skeleton":31,"minecraft:zombie":1,"minecraft:wither_skeleton":214},"minecraft:mined":{"minecraft:dark_oak_planks":41,"minecraft:dark_prismarine":3,"minecraft:spruce_planks":11,"minecraft:obsidian":2,"minecraft:grass_block":1,"minecraft:spruce_fence":12,"minecraft:spruce_leaves":5,"minecraft:spawner":52,"minecraft:pumpkin":9,"minecraft:gold_block":3,"minecraft:bookshelf":2,"minecraft:oak_stairs":4,"minecraft:stone":8,"minecraft:redstone_wall_torch":1,"minecraft:crafting_table":1,"minecraft:torch":2,"minecraft:dark_oak_wood":28,"minecraft:melon":1,"minecraft:chest":20,"minecraft:rose_bush":1,"minecraft:birch_wood":2,"minecraft:cyan_bed":6,"minecraft:wall_torch":1,"minecraft:spruce_stairs":2,"minecraft:coarse_dirt":1,"minecraft:birch_log":9,"minecraft:spruce_log":31,"minecraft:oak_log":2,"minecraft:cyan_carpet":28,"minecraft:smooth_quartz":9,"minecraft:stripped_birch_wood":2,"minecraft:cobweb":6,"minecraft:chipped_anvil":1,"minecraft:oak_leaves":4},"minecraft:crafted":{"minecraft:oak_planks":8,"minecraft:coal":27,"simplyswords:diamond_greathammer":1,"minecraft:iron_nugget":18,"minecraft:diamond":18,"minecraft:diamond_leggings":1,"minecraft:diamond_helmet":2,"minecraft:bow":1,"minecraft:stone_pickaxe":1,"minecraft:dark_oak_planks":120,"minecraft:diamond_axe":1,"minecraft:crafting_table":2,"minecraft:spruce_planks":120,"minecraft:wooden_pickaxe":1,"minecraft:birch_planks":36,"minecraft:stone_axe":1,"minecraft:diamond_pickaxe":1,"minecraft:stick":112,"morebows:diamond_bow":1,"minecraft:torch":248}},"DataVersion":3465}