{"stats":{"minecraft:broken":{"minecraft:chainmail_chestplate":1},"minecraft:dropped":{"minecraft:birch_planks":10,"minecraft:coarse_dirt":2,"minecraft:golden_horse_armor":6,"minecraft:cobblestone":2,"minecraft:rotten_flesh":6,"universal_graves:grave_compass":10,"minecraft:saddle":1,"minecraft:spruce_stairs":5,"minecraft:spruce_fence":1,"minecraft:chainmail_helmet":2,"minecraft:pumpkin_seeds":3,"minecraft:coal":3,"minecraft:stick":8,"bosses_of_mass_destruction:soul_star":1,"minecraft:dirt":4,"minecraft:gunpowder":10,"minecraft:ink_sac":6,"minecraft:spruce_planks":3,"minecraft:beetroot_seeds":2,"minecraft:smooth_quartz":12,"minecraft:spider_eye":5,"minecraft:arrow":3,"minecraft:stone_pickaxe":1,"minecraft:wooden_pickaxe":3,"minecraft:paper":2,"minecraft:string":28,"minecraft:dark_oak_planks":17,"minecraft:dark_prismarine":3,"minecraft:spruce_sapling":4,"minecraft:cyan_carpet":4,"minecraft:bone":36},"minecraft:used":{"minecraft:birch_planks":3,"minecraft:stone_pickaxe":30,"minecraft:chest":12,"minecraft:spruce_planks":112,"minecraft:wooden_pickaxe":6,"minecraft:torch":15,"minecraft:golden_apple":4,"minecraft:crafting_table":1,"minecraft:spruce_log":1,"minecraft:dark_oak_planks":49,"minecraft:apple":6,"minecraft:bread":33,"minecraft:cyan_carpet":1,"minecraft:smooth_quartz":7,"simplyswords:iron_scythe":29,"minecraft:diamond_sword":877,"minecraft:stone_axe":117,"minecraft:bow":17,"minecraft:golden_carrot":12,"minecraft:birch_log":4},"minecraft:crafted":{"minecraft:oak_planks":8,"minecraft:crafting_table":1,"minecraft:spruce_planks":120,"minecraft:wooden_pickaxe":1,"minecraft:birch_planks":28,"minecraft:stone_axe":1,"minecraft:stick":48,"minecraft:stone_pickaxe":1,"minecraft:dark_oak_planks":20,"minecraft:torch":20},"minecraft:mined":{"minecraft:dark_oak_planks":24,"minecraft:dark_prismarine":3,"minecraft:spruce_planks":9,"minecraft:crafting_table":1,"minecraft:dark_oak_wood":3,"minecraft:grass_block":1,"minecraft:spruce_fence":4,"minecraft:chest":20,"minecraft:birch_wood":2,"minecraft:spruce_leaves":5,"minecraft:spawner":20,"minecraft:spruce_stairs":2,"minecraft:coarse_dirt":1,"minecraft:birch_log":9,"minecraft:spruce_log":31,"minecraft:cobweb":3,"minecraft:oak_log":2,"minecraft:cyan_carpet":10,"minecraft:smooth_quartz":4,"minecraft:stone":8,"minecraft:oak_leaves":3},"minecraft:killed":{"minecraft:cave_spider":76,"minecraft:spider":25,"minecraft:skeleton":7,"minecraft:wither_skeleton":126},"minecraft:killed_by":{"minecraft:cave_spider":3,"minecraft:wither_skeleton":8,"minecraft:skeleton":1,"minecraft:spider":1,"minecraft:zombie":1},"minecraft:picked_up":{"minecraft:birch_log":9,"minecraft:coarse_dirt":2,"minecraft:crafting_table":1,"minecraft:golden_carrot":41,"minecraft:diamond_sword":14,"minecraft:wooden_pickaxe":2,"minecraft:birch_planks":5,"minecraft:gold_block":5,"minecraft:enchanted_book":1,"minecraft:oak_log":2,"minecraft:chainmail_chestplate":1,"minecraft:gunpowder":10,"minecraft:wither_skeleton_skull":5,"minecraft:string":142,"minecraft:dirt":3,"minecraft:paper":2,"universal_graves:grave_compass":11,"minecraft:bone":136,"minecraft:experience_bottle":182,"minecraft:cyan_carpet":15,"minecraft:beetroot":2,"minecraft:bow":1,"minecraft:diamond_leggings":1,"simplyswords:runic_tablet":1,"bosses_of_mass_destruction:soul_star":1,"minecraft:spruce_planks":11,"minecraft:birch_wood":2,"minecraft:iron_ingot":32,"minecraft:stone_pickaxe":1,"minecraft:smooth_quartz":19,"minecraft:enchanted_golden_apple":1,"minecraft:coal_block":3,"minecraft:chest":18,"minecraft:book":39,"minecraft:stick":6,"minecraft:cooked_porkchop":43,"minecraft:spruce_stairs":5,"minecraft:spruce_fence":7,"minecraft:spruce_sapling":4,"minecraft:spruce_log":31,"minecraft:redstone":3,"minecraft:diamond_block":5,"minecraft:spider_eye":28,"minecraft:dark_oak_planks":47,"minecraft:dark_prismarine":3,"travelersbackpack:standard":1,"minecraft:pumpkin_seeds":6,"minecraft:arrow":16,"minecraft:rotten_flesh":6,"minecraft:diamond_chestplate":4,"minecraft:diamond":23,"minecraft:beetroot_seeds":2,"minecraft:chainmail_leggings":1,"minecraft:diamond_boots":4,"minecraft:golden_apple":6,"minecraft:gold_ingot":6,"minecraft:chainmail_helmet":4,"minecraft:golden_horse_armor":4,"minecraft:saddle":2,"minecraft:bread":1,"minecraft:emerald":13,"minecraft:dark_oak_wood":5,"minecraft:coal":54,"minecraft:cobblestone":8},"minecraft:custom":{"minecraft:interact_with_anvil":6,"minecraft:mob_kills":236,"minecraft:interact_with_crafting_table":2,"minecraft:tune_noteblock":1,"minecraft:damage_dealt_resisted":14059,"minecraft:leave_game":13,"minecraft:time_since_death":16951,"minecraft:climb_one_cm":6225,"minecraft:time_since_rest":17217,"minecraft:sprint_one_cm":113249,"minecraft:damage_absorbed":128,"minecraft:damage_taken":7268,"minecraft:walk_one_cm":298349,"minecraft:drop":74,"minecraft:damage_dealt":57723,"minecraft:play_noteblock":1,"minecraft:fly_one_cm":77605,"minecraft:open_chest":35,"minecraft:crouch_one_cm":16563,"minecraft:play_time":99891,"minecraft:deaths":14,"minecraft:sneak_time":7735,"minecraft:jump":703,"minecraft:walk_on_water_one_cm":1337,"minecraft:total_world_time":99891,"minecraft:fall_one_cm":18953}},"DataVersion":3465}