{"stats":{"minecraft:dropped":{"minecraft:porkchop":1,"minecraft:birch_planks":11,"minecraft:diamond":39,"minecraft:cooked_porkchop":43,"minecraft:orange_tulip":2,"minecraft:saddle":1,"minecraft:cyan_terracotta":5,"minecraft:dirt":4,"minecraft:gray_concrete":2,"minecraft:dark_oak_planks":18,"minecraft:cyan_carpet":12,"minecraft:bone":79,"minecraft:beetroot":2,"minecraft:rotten_flesh":17,"universal_graves:grave_compass":13,"minecraft:azure_bluet":2,"bosses_of_mass_destruction:soul_star":2,"minecraft:gunpowder":20,"minecraft:beetroot_seeds":2,"minecraft:melon_seeds":2,"minecraft:chainmail_boots":1,"minecraft:red_nether_bricks":2,"minecraft:iron_bars":1,"minecraft:arrow":9,"minecraft:quartz":2,"minecraft:netherrack":48,"minecraft:iron_ingot":1,"minecraft:golden_horse_armor":6,"minecraft:diamond_leggings":1,"minecraft:oak_fence":1,"minecraft:cobblestone":4,"minecraft:apple":2,"minecraft:spruce_stairs":5,"minecraft:chainmail_helmet":4,"minecraft:coal":3,"minecraft:stick":50,"minecraft:cobweb":1,"minecraft:ink_sac":6,"minecraft:torch":129,"minecraft:smooth_quartz":15,"minecraft:rose_bush":3,"minecraft:iron_door":5,"minecraft:chainmail_leggings":1,"minecraft:paper":2,"minecraft:string":112,"minecraft:tripwire_hook":2,"minecraft:spruce_sapling":4,"minecraft:green_terracotta":7,"minecraft:coarse_dirt":4,"minecraft:experience_bottle":64,"minecraft:spruce_fence":9,"minecraft:pumpkin_seeds":3,"minecraft:diamond_sword":7,"minecraft:diamond_chestplate":2,"minecraft:spruce_planks":3,"minecraft:oak_boat":1,"minecraft:redstone_torch":2,"minecraft:spider_eye":31,"minecraft:slime_ball":4,"minecraft:stone_pickaxe":3,"minecraft:wooden_pickaxe":3,"minecraft:raw_gold":1,"minecraft:magma_cream":1,"minecraft:dark_prismarine":3},"minecraft:killed_by":{"minecraft:wither_skeleton":24,"minecraft:cave_spider":6,"minecraft:zombie":1,"minecraft:spider":2,"minecraft:skeleton":3},"minecraft:picked_up":{"minecraft:chainmail_boots":1,"morevanillashields:obsidian_shield":2,"minecraft:diamond_sword":31,"minecraft:oak_stairs":4,"minecraft:potion":1,"minecraft:enchanted_book":22,"minecraft:string":387,"minecraft:red_nether_bricks":2,"universal_graves:grave_compass":16,"minecraft:purple_banner":1,"minecraft:experience_bottle":182,"minecraft:beetroot":6,"minecraft:diamond_leggings":3,"minecraft:gold_nugget":8,"minecraft:cobbled_deepslate":81,"bosses_of_mass_destruction:soul_star":7,"minecraft:bucket":2,"minecraft:spruce_planks":13,"minecraft:redstone_torch":3,"minecraft:rose_bush":3,"minecraft:smooth_quartz":29,"minecraft:coal_block":4,"minecraft:enchanted_golden_apple":2,"minecraft:melon_slice":5,"minecraft:tipped_arrow":1,"minecraft:stick":10,"minecraft:oak_fence":1,"minecraft:spruce_stairs":5,"minecraft:torch":115,"minecraft:acacia_log":3,"minecraft:porkchop":1,"minecraft:green_terracotta":7,"minecraft:rotten_flesh":25,"minecraft:cyan_terracotta":45,"minecraft:stripped_birch_wood":4,"minecraft:obsidian":13,"minecraft:iron_bars":1,"adventurez:orc_skin":6,"morebows:diamond_bow":1,"minecraft:cobblestone":127,"minecraft:birch_log":9,"minecraft:enchanting_table":1,"minecraft:feather":2,"minecraft:magma_cream":1,"minecraft:iron_door":6,"minecraft:water_bucket":1,"minecraft:andesite":21,"minecraft:flint":1,"minecraft:tuff":1,"minecraft:wither_skeleton_skull":9,"minecraft:gray_concrete":10,"minecraft:dirt":20,"minecraft:name_tag":1,"minecraft:bone":343,"minecraft:chipped_anvil":5,"minecraft:bow":3,"minecraft:orange_tulip":4,"minecraft:wheat_seeds":2,"minecraft:raw_gold":2,"minecraft:birch_wood":8,"minecraft:grindstone":1,"minecraft:dark_oak_sign":1,"minecraft:diamond_helmet":2,"minecraft:oak_planks":2,"minecraft:cooked_porkchop":49,"minecraft:lime_terracotta":2,"minecraft:diamond_block":5,"minecraft:cyan_bed":7,"morevanillashields:coal_shield":1,"minecraft:dark_prismarine":3,"minecraft:diamond":32,"minecraft:polished_blackstone_pressure_plate":2,"minecraft:cracked_polished_blackstone_bricks":7,"minecraft:crossbow":1,"minecraft:golden_apple":6,"minecraft:emerald":80,"minecraft:golden_horse_armor":4,"minecraft:chainmail_helmet":7,"minecraft:bread":63,"minecraft:netherrack":449,"minecraft:diamond_pickaxe":2,"minecraft:coarse_dirt":4,"minecraft:crafting_table":2,"minecraft:azure_bluet":2,"minecraft:nether_wart":25,"minecraft:wooden_pickaxe":2,"minecraft:gold_block":24,"minecraft:blackstone":238,"minecraft:cyan_carpet":34,"simplyswords:runic_tablet":1,"minecraft:oak_boat":4,"minecraft:chest":18,"minecraft:egg":1,"minecraft:spruce_fence":23,"minecraft:carrot":1,"minecraft:redstone":3,"minecraft:dark_oak_planks":104,"minecraft:arrow":134,"minecraft:diamond_chestplate":7,"simplyswords:iron_scythe":1,"minecraft:beetroot_seeds":2,"minecraft:nether_bricks":9,"minecraft:diamond_boots":7,"minecraft:yellow_terracotta":8,"minecraft:black_banner":1,"minecraft:saddle":3,"minecraft:gold_ingot":30,"minecraft:rail":3,"minecraft:basalt":10,"minecraft:golden_carrot":72,"minecraft:tripwire_hook":2,"minecraft:birch_planks":6,"minecraft:oak_log":13,"minecraft:chainmail_chestplate":1,"minecraft:yellow_bed":5,"minecraft:gunpowder":25,"minecraft:paper":2,"minecraft:white_banner":1,"minecraft:iron_ingot":32,"minecraft:stone_pickaxe":2,"minecraft:book":106,"minecraft:smooth_basalt":8,"minecraft:pumpkin":9,"minecraft:quartz":2,"minecraft:gravel":6,"minecraft:spruce_sapling":4,"minecraft:soul_torch":3,"minecraft:spruce_log":31,"minecraft:spider_eye":98,"simplyswords:diamond_greathammer":1,"travelersbackpack:standard":5,"minecraft:pumpkin_seeds":6,"minecraft:slime_ball":6,"minecraft:chainmail_leggings":1,"minecraft:diamond_axe":2,"minecraft:damaged_anvil":1,"minecraft:melon_seeds":1,"minecraft:dark_oak_wood":42,"minecraft:coal":160},"minecraft:broken":{"minecraft:diamond_helmet":2,"minecraft:diamond_boots":1,"minecraft:chainmail_chestplate":1,"minecraft:stone_axe":2},"minecraft:used":{"minecraft:chest":12,"morevanillashields:obsidian_shield":5,"minecraft:nether_bricks":9,"minecraft:carrot":3,"minecraft:obsidian":11,"minecraft:cyan_terracotta":40,"minecraft:lava_bucket":14,"minecraft:dark_oak_wood":2,"simplyswords:iron_scythe":29,"minecraft:bow":17,"minecraft:egg":1,"minecraft:damaged_anvil":1,"minecraft:diamond_boots":1,"minecraft:dark_oak_sign":2,"minecraft:stone_pickaxe":33,"minecraft:blackstone":97,"minecraft:wooden_pickaxe":6,"minecraft:diamond_axe":79,"minecraft:golden_apple":18,"minecraft:gray_concrete":8,"minecraft:bread":147,"minecraft:cyan_bed":6,"minecraft:string":3,"minecraft:cyan_carpet":3,"minecraft:gravel":6,"minecraft:diamond_sword":2232,"minecraft:coal_block":1,"minecraft:birch_log":4,"minecraft:oak_boat":7,"minecraft:experience_bottle":35,"minecraft:flint_and_steel":2,"morebows:diamond_bow":822,"minecraft:spruce_planks":114,"minecraft:netherrack":396,"minecraft:torch":228,"minecraft:dirt":5,"minecraft:diamond_helmet":1,"minecraft:spruce_fence":1,"minecraft:dark_oak_planks":197,"minecraft:chipped_anvil":2,"minecraft:oak_stairs":4,"simplyswords:diamond_greathammer":4,"minecraft:smooth_quartz":7,"minecraft:smooth_basalt":7,"minecraft:basalt":10,"minecraft:golden_carrot":86,"minecraft:enchanted_golden_apple":3,"minecraft:cobbled_deepslate":17,"minecraft:pumpkin":9,"minecraft:water_bucket":14,"minecraft:birch_planks":35,"minecraft:lime_terracotta":2,"minecraft:crafting_table":6,"minecraft:spruce_log":1,"minecraft:diamond_pickaxe":1340,"minecraft:apple":6,"minecraft:cracked_polished_blackstone_bricks":7,"minecraft:stone_axe":124,"minecraft:cobblestone":80,"travelersbackpack:standard":21,"minecraft:bucket":29,"minecraft:yellow_bed":4,"minecraft:diamond_leggings":2,"minecraft:green_stained_glass":10},"minecraft:custom":{"minecraft:interact_with_crafting_table":20,"minecraft:open_barrel":92,"minecraft:leave_game":26,"minecraft:time_since_death":30471,"minecraft:damage_resisted":204,"minecraft:sprint_one_cm":1037940,"minecraft:damage_blocked_by_shield":115,"minecraft:drop":180,"minecraft:play_noteblock":3,"minecraft:play_time":405128,"minecraft:deaths":38,"minecraft:jump":5758,"minecraft:walk_on_water_one_cm":55374,"minecraft:interact_with_furnace":1,"minecraft:sleep_in_bed":5,"minecraft:damage_dealt":140259,"minecraft:player_kills":1,"minecraft:crouch_one_cm":51349,"minecraft:mob_kills":771,"minecraft:interact_with_anvil":27,"minecraft:damage_dealt_resisted":37326,"minecraft:climb_one_cm":12513,"minecraft:walk_one_cm":1290245,"minecraft:damage_dealt_absorbed":11610,"minecraft:sneak_time":20554,"minecraft:walk_under_water_one_cm":28076,"minecraft:boat_one_cm":1311882,"minecraft:total_world_time":405128,"minecraft:tune_noteblock":1,"minecraft:time_since_rest":6666,"minecraft:damage_taken":29087,"minecraft:damage_absorbed":1014,"minecraft:swim_one_cm":188606,"minecraft:fly_one_cm":802080,"minecraft:open_chest":135,"minecraft:fall_one_cm":179280},"minecraft:killed":{"minecraft:cave_spider":175,"minecraft:zombified_piglin":3,"minecraft:spider":68,"minecraft:skeleton":62,"minecraft:piglin_brute":6,"minecraft:piglin":14,"minecraft:parrot":3,"minecraft:pig":1,"minecraft:iron_golem":2,"minecraft:creeper":30,"minecraft:pillager":25,"minecraft:zombie":31,"minecraft:ghast":1,"minecraft:blaze":33,"minecraft:vindicator":15,"minecraft:slime":11,"minecraft:phantom":3,"minecraft:drowned":1,"adventurez:piglin_beast":1,"adventurez:orc":4,"minecraft:bat":1,"minecraft:hoglin":3,"minecraft:wither_skeleton":270,"minecraft:player":1,"minecraft:enderman":1},"minecraft:mined":{"minecraft:dark_oak_planks":45,"minecraft:spruce_planks":13,"minecraft:red_nether_bricks":2,"minecraft:obsidian":13,"minecraft:granite":2,"minecraft:acacia_log":3,"minecraft:grass_block":1,"minecraft:cracked_polished_blackstone_bricks":9,"minecraft:polished_blackstone_pressure_plate":2,"minecraft:nether_wart":20,"minecraft:spawner":92,"minecraft:polished_blackstone_bricks":15,"minecraft:magma_block":1,"minecraft:red_nether_brick_stairs":3,"minecraft:cobbled_deepslate":1,"minecraft:fire":6,"minecraft:pumpkin":9,"minecraft:nether_brick_stairs":2,"minecraft:enchanting_table":1,"minecraft:oak_stairs":4,"minecraft:iron_bars":1,"minecraft:spruce_slab":3,"minecraft:brown_mushroom":1,"minecraft:cyan_terracotta":48,"minecraft:blackstone":351,"minecraft:crimson_nylium":3,"minecraft:torch":5,"minecraft:dark_oak_wood":34,"minecraft:calcite":1,"minecraft:melon":1,"minecraft:chest":20,"minecraft:nether_quartz_ore":7,"minecraft:cobblestone":3,"minecraft:birch_wood":9,"minecraft:slime_block":1,"minecraft:cyan_bed":6,"minecraft:grindstone":1,"minecraft:damaged_anvil":1,"minecraft:iron_door":4,"minecraft:wall_torch":3,"minecraft:birch_log":9,"minecraft:orange_tulip":2,"minecraft:grass":13,"minecraft:oak_log":4,"minecraft:lime_terracotta":10,"minecraft:dirt":5,"minecraft:smooth_quartz":12,"minecraft:stripped_birch_wood":2,"minecraft:smooth_basalt":1,"minecraft:tripwire_hook":2,"minecraft:netherrack":496,"minecraft:oak_leaves":6,"minecraft:deepslate":44,"minecraft:yellow_terracotta":18,"minecraft:dark_prismarine":3,"minecraft:tuff":2,"minecraft:nether_bricks":11,"minecraft:spruce_fence":13,"minecraft:jungle_planks":7,"minecraft:spruce_leaves":5,"minecraft:green_terracotta":7,"minecraft:andesite":18,"minecraft:gold_block":20,"minecraft:bookshelf":4,"minecraft:stone":126,"minecraft:redstone_wall_torch":2,"minecraft:gray_concrete":11,"minecraft:basalt":13,"minecraft:crafting_table":1,"minecraft:rose_bush":1,"minecraft:tall_grass":7,"minecraft:copper_ore":1,"minecraft:spruce_stairs":2,"minecraft:birch_planks":1,"minecraft:coarse_dirt":1,"minecraft:dark_oak_wall_sign":1,"minecraft:black_wall_banner":1,"minecraft:spruce_log":31,"minecraft:white_wall_banner":1,"minecraft:yellow_bed":5,"minecraft:gravel":7,"minecraft:cyan_carpet":28,"minecraft:cobweb":78,"minecraft:chipped_anvil":2,"minecraft:gold_ore":1},"minecraft:crafted":{"minecraft:oak_planks":52,"travelersbackpack:diamond":1,"minecraft:diamond_leggings":1,"minecraft:diamond_helmet":2,"minecraft:bow":1,"minecraft:diamond_axe":1,"minecraft:crafting_table":5,"minecraft:spruce_planks":120,"minecraft:wooden_pickaxe":1,"minecraft:birch_planks":60,"minecraft:diamond_pickaxe":1,"morevanillashields:obsidian_shield":1,"minecraft:stick":116,"morebows:diamond_bow":1,"minecraft:coal":27,"simplyswords:diamond_greathammer":1,"minecraft:iron_nugget":18,"minecraft:dark_oak_sign":3,"minecraft:flint_and_steel":1,"minecraft:diamond":36,"minecraft:stone_pickaxe":1,"minecraft:dark_oak_planks":160,"minecraft:bucket":2,"minecraft:stone_axe":1,"minecraft:acacia_boat":1,"minecraft:oak_boat":6,"minecraft:acacia_planks":12,"minecraft:torch":248}},"DataVersion":3465}