{"stats":{"minecraft:dropped":{"minecraft:iron_sword":2,"minecraft:piston":2,"minecraft:porkchop":7,"minecraft:oak_log":3,"minecraft:dark_oak_slab":2,"minecraft:stripped_birch_wood":1,"minecraft:crossbow":1,"minecraft:rooted_dirt":2,"minecraft:leather":1,"minecraft:birch_slab":6,"minecraft:cod":1,"minecraft:red_carpet":6,"minecraft:dirt":3,"minecraft:packed_ice":9,"minecraft:gold_nugget":1,"minecraft:sand":7,"minecraft:glistering_melon_slice":1,"minecraft:iron_pickaxe":1,"minecraft:white_wool":1,"minecraft:cyan_carpet":2,"minecraft:bone":5,"minecraft:gravel":3,"minecraft:lever":1,"minecraft:iron_nugget":6,"minecraft:obsidian":1,"minecraft:soul_lantern":1,"immersive_melodies:flute":1,"minecraft:rotten_flesh":24,"universal_graves:grave_compass":9,"minecraft:oak_planks":1,"minecraft:azure_bluet":1,"minecraft:gunpowder":12,"minecraft:skeleton_skull":4,"minecraft:acacia_slab":1,"minecraft:azalea":4,"simplyswords:diamond_greathammer":1,"minecraft:arrow":2,"minecraft:crying_obsidian":1,"minecraft:enchanted_book":2,"minecraft:iron_ingot":34,"minecraft:bread":11,"minecraft:wheat_seeds":5,"minecraft:tnt":4,"minecraft:feather":3,"minecraft:spruce_stairs":3,"minecraft:stick":17,"minecraft:jungle_slab":2,"minecraft:wooden_axe":1,"minecraft:diamond_helmet":1,"minecraft:iron_leggings":3,"minecraft:string":7,"minecraft:bucket":2,"minecraft:stone_brick_slab":1,"minecraft:redstone":3,"minecraft:anvil":1,"minecraft:moss_carpet":8,"minecraft:oak_trapdoor":2,"minecraft:soul_torch":1,"minecraft:iron_boots":1,"minecraft:spruce_fence":2,"minecraft:flint_and_steel":1,"minecraft:filled_map":2,"minecraft:potato":6,"minecraft:spruce_planks":14,"minecraft:quartz_stairs":4,"minecraft:mossy_stone_bricks":4,"minecraft:barrel":1,"minecraft:bow":2,"simplyswords:iron_greathammer":1},"minecraft:mined":{"minecraft:spruce_planks":3,"minecraft:jungle_slab":2,"minecraft:red_nether_bricks":2,"minecraft:grass_block":4,"minecraft:cracked_polished_blackstone_bricks":27,"minecraft:soul_soil":1,"minecraft:spawner":22,"minecraft:polished_blackstone_bricks":33,"minecraft:warped_pressure_plate":1,"minecraft:barrel":1,"minecraft:anvil":1,"minecraft:stripped_dark_oak_wood":2,"minecraft:quartz_slab":2,"minecraft:azalea":1,"minecraft:stripped_mangrove_wood":1,"minecraft:deepslate_redstone_ore":1,"minecraft:soul_wall_torch":1,"minecraft:red_bed":8,"minecraft:blackstone":11,"minecraft:soul_fire":6,"minecraft:powder_snow":10,"minecraft:calcite":12,"minecraft:chest":2,"minecraft:dead_bush":1,"minecraft:cobblestone":14,"minecraft:cyan_bed":3,"minecraft:oak_planks":2,"minecraft:damaged_anvil":1,"minecraft:dark_oak_slab":2,"minecraft:mud":2,"minecraft:warped_planks":1,"minecraft:wheat":5,"minecraft:blue_ice":2,"minecraft:stripped_oak_wood":4,"minecraft:tnt":13,"minecraft:grass":5,"minecraft:oak_log":5,"minecraft:sand":4,"minecraft:dirt":10,"minecraft:stripped_birch_wood":2,"minecraft:smooth_basalt":5,"minecraft:netherrack":20,"minecraft:deepslate":3,"minecraft:suspicious_gravel":2,"minecraft:diamond_ore":1,"minecraft:crying_obsidian":1,"minecraft:quartz_stairs":2,"minecraft:deepslate_diamond_ore":2,"minecraft:dark_oak_log":8,"minecraft:spruce_leaves":2,"minecraft:acacia_slab":3,"minecraft:sandstone":1,"minecraft:hay_block":47,"minecraft:carrots":1,"minecraft:andesite":30,"minecraft:stripped_spruce_log":1,"minecraft:gold_block":30,"minecraft:bookshelf":2,"minecraft:potatoes":13,"minecraft:packed_ice":247,"minecraft:smooth_quartz_stairs":1,"minecraft:stone":58,"minecraft:bone_block":6,"minecraft:white_wool":8,"minecraft:soul_sand":1,"minecraft:soul_torch":1,"minecraft:basalt":3,"minecraft:stone_brick_slab":2,"minecraft:oak_fence":2,"minecraft:crafting_table":1,"minecraft:emerald_ore":1,"minecraft:blue_bed":1,"minecraft:birch_planks":3,"minecraft:light_blue_bed":2,"minecraft:stripped_spruce_wood":3,"minecraft:ice":55,"minecraft:spruce_log":17,"minecraft:gravel":4,"minecraft:cyan_carpet":2,"minecraft:gray_carpet":1,"minecraft:cobweb":2,"minecraft:stone_bricks":3,"minecraft:mossy_stone_bricks":1},"minecraft:picked_up":{"minecraft:wheat":13,"minecraft:anvil":2,"minecraft:enchanted_book":5,"minecraft:string":7,"minecraft:soul_soil":2,"minecraft:iron_leggings":3,"universal_graves:grave_compass":7,"minecraft:purple_banner":1,"minecraft:gold_nugget":1,"bosses_of_mass_destruction:soul_star":1,"minecraft:bucket":1,"minecraft:spruce_planks":7,"minecraft:calcite":6,"minecraft:azalea":4,"minecraft:iron_pickaxe":1,"minecraft:dark_oak_door":1,"minecraft:iron_boots":1,"minecraft:diamond_ore":1,"minecraft:tipped_arrow":3,"minecraft:stick":2,"minecraft:spruce_stairs":3,"minecraft:porkchop":7,"minecraft:rotten_flesh":36,"minecraft:stripped_birch_wood":2,"minecraft:obsidian":5,"minecraft:cod":1,"minecraft:snowball":4,"minecraft:cobblestone":41,"minecraft:feather":3,"minecraft:cooked_beef":2,"minecraft:magma_cream":1,"minecraft:birch_slab":6,"minecraft:powder_snow_bucket":1,"minecraft:potato":19,"minecraft:flint":4,"minecraft:stripped_spruce_wood":3,"minecraft:dirt":18,"minecraft:bone":23,"minecraft:bow":3,"minecraft:wheat_seeds":5,"minecraft:mossy_stone_bricks":4,"minecraft:diamond_helmet":2,"minecraft:oak_planks":2,"minecraft:sand":7,"minecraft:stripped_spruce_log":1,"simplyswords:iron_greathammer":1,"minecraft:cyan_bed":3,"minecraft:grass_block":1,"minecraft:jungle_slab":4,"minecraft:dark_oak_log":8,"minecraft:barrel":1,"minecraft:diamond":6,"minecraft:spruce_boat":13,"minecraft:soul_lantern":1,"minecraft:lever":4,"minecraft:cracked_polished_blackstone_bricks":2,"minecraft:crossbow":2,"minecraft:bread":12,"minecraft:emerald":25,"minecraft:rooted_dirt":2,"minecraft:netherrack":18,"minecraft:crafting_table":1,"minecraft:azure_bluet":1,"minecraft:packed_ice":9,"minecraft:gold_block":29,"minecraft:oak_trapdoor":2,"minecraft:red_bed":7,"minecraft:moss_carpet":8,"minecraft:flint_and_steel":1,"minecraft:blackstone":4,"minecraft:cyan_carpet":2,"minecraft:deepslate_diamond_ore":1,"minecraft:beef":2,"minecraft:player_head":1,"minecraft:chest":2,"minecraft:quartz_stairs":10,"minecraft:spruce_fence":2,"minecraft:polished_blackstone_bricks":8,"minecraft:carrot":1,"minecraft:redstone":9,"minecraft:light_blue_bed":2,"minecraft:tnt":15,"minecraft:arrow":116,"minecraft:diamond_boots":1,"minecraft:hay_block":47,"minecraft:stripped_dark_oak_wood":2,"minecraft:glistering_melon_slice":1,"minecraft:gold_ingot":3,"minecraft:white_wool":17,"minecraft:skeleton_skull":2,"minecraft:salmon":1,"minecraft:leather":7,"minecraft:filled_map":1,"minecraft:birch_planks":3,"minecraft:oak_log":8,"minecraft:gunpowder":12,"minecraft:blue_bed":1,"travelersbackpack:sheep":1,"minecraft:red_carpet":6,"minecraft:apple":8,"minecraft:gray_carpet":5,"minecraft:iron_ingot":2,"minecraft:stripped_oak_wood":4,"minecraft:soul_sand":1,"minecraft:iron_sword":1,"minecraft:book":3,"minecraft:dark_oak_slab":4,"minecraft:smooth_basalt":5,"minecraft:stone_brick_slab":1,"minecraft:gravel":4,"minecraft:soul_torch":1,"minecraft:spruce_log":17,"minecraft:crying_obsidian":2,"simplyswords:diamond_greathammer":1,"minecraft:oak_wood":1,"minecraft:iron_helmet":1,"minecraft:damaged_anvil":1,"minecraft:acacia_slab":3,"minecraft:ender_pearl":3},"minecraft:killed_by":{"minecraft:pillager":9,"minecraft:zombie":1,"minecraft:husk":5,"minecraft:enderman":1,"minecraft:hoglin":1,"minecraft:skeleton":1},"minecraft:crafted":{"minecraft:oak_planks":40,"hangglider:hang_glider":1,"minecraft:lever":3,"minecraft:dark_oak_door":6,"minecraft:diamond_leggings":1,"minecraft:crafting_table":11,"minecraft:spruce_planks":84,"minecraft:diamond_pickaxe":1,"minecraft:stick":36,"minecraft:iron_pickaxe":2,"minecraft:iron_block":3,"morebows:diamond_bow":1,"hangglider:glider_framework":1,"simplyswords:diamond_greathammer":1,"minecraft:iron_nugget":9,"minecraft:piston":3,"hangglider:glider_wing":2,"immersive_melodies:piano":1,"minecraft:spruce_boat":2,"minecraft:dark_oak_planks":40,"minecraft:wheat":302,"minecraft:bread":106,"minecraft:golden_apple":9,"minecraft:wooden_axe":1,"minecraft:anvil":1,"minecraft:note_block":3,"morevanillashields:diamond_shield":1,"minecraft:diamond_chestplate":1},"minecraft:killed":{"minecraft:spider":6,"minecraft:skeleton":30,"minecraft:illusioner":1,"minecraft:piglin_brute":8,"minecraft:magma_cube":31,"minecraft:parrot":1,"minecraft:piglin":14,"minecraft:creeper":5,"minecraft:pillager":24,"minecraft:zombie":34,"minecraft:stray":5,"minecraft:cow":4,"minecraft:vindicator":19,"minecraft:drowned":1,"minecraft:husk":16,"minecraft:bat":1,"minecraft:wandering_trader":1,"minecraft:polar_bear":2,"minecraft:enderman":3},"minecraft:used":{"minecraft:chest":2,"minecraft:iron_sword":173,"minecraft:quartz_stairs":6,"minecraft:soul_sand":1,"minecraft:carrot":1,"minecraft:obsidian":6,"minecraft:spruce_boat":14,"minecraft:light_blue_bed":2,"minecraft:bow":12,"minecraft:hay_block":12,"minecraft:potato":13,"minecraft:oak_planks":2,"minecraft:blackstone":4,"minecraft:ender_pearl":3,"minecraft:blue_bed":1,"minecraft:white_wool":16,"minecraft:golden_apple":5,"simplyswords:diamond_greataxe":2,"minecraft:crossbow":15,"minecraft:lever":4,"minecraft:crying_obsidian":1,"minecraft:cyan_bed":2,"minecraft:bread":132,"minecraft:diamond_ore":1,"minecraft:flint_and_steel":3,"morebows:diamond_bow":211,"minecraft:spruce_planks":23,"minecraft:stripped_birch_wood":1,"minecraft:netherrack":13,"minecraft:dirt":15,"minecraft:anvil":1,"minecraft:diamond_helmet":1,"minecraft:dark_oak_planks":5,"minecraft:wooden_axe":32,"minecraft:acacia_slab":2,"simplyswords:diamond_greathammer":311,"minecraft:smooth_basalt":5,"minecraft:diamond_chestplate":1,"minecraft:beef":1,"minecraft:soul_soil":2,"morevanillashields:diamond_shield":66,"minecraft:cooked_beef":2,"minecraft:powder_snow_bucket":1,"minecraft:iron_leggings":1,"minecraft:calcite":6,"travelersbackpack:sheep":1,"minecraft:water_bucket":27,"minecraft:tnt":13,"minecraft:crafting_table":12,"minecraft:red_bed":7,"minecraft:dark_oak_door":2,"minecraft:piston":1,"minecraft:diamond_pickaxe":595,"minecraft:apple":1,"minecraft:cracked_polished_blackstone_bricks":2,"minecraft:iron_pickaxe":33,"minecraft:stone_axe":20,"minecraft:cobblestone":26,"minecraft:bucket":28,"minecraft:diamond_leggings":1},"minecraft:custom":{"minecraft:interact_with_crafting_table":32,"minecraft:open_barrel":120,"minecraft:leave_game":5,"minecraft:time_since_death":49747,"minecraft:sprint_one_cm":561596,"minecraft:damage_blocked_by_shield":1750,"minecraft:drop":123,"minecraft:talked_to_villager":4,"minecraft:play_time":257955,"minecraft:deaths":20,"minecraft:jump":5857,"minecraft:walk_on_water_one_cm":62669,"minecraft:sleep_in_bed":9,"minecraft:damage_dealt":33432,"minecraft:crouch_one_cm":14339,"minecraft:inspect_dispenser":1,"minecraft:mob_kills":214,"minecraft:interact_with_anvil":4,"minecraft:interact_with_campfire":2,"minecraft:climb_one_cm":20618,"minecraft:walk_one_cm":718235,"minecraft:sneak_time":5199,"minecraft:walk_under_water_one_cm":69112,"minecraft:boat_one_cm":614396,"minecraft:total_world_time":257955,"minecraft:time_since_rest":15355,"minecraft:damage_taken":12319,"minecraft:damage_absorbed":194,"minecraft:swim_one_cm":170886,"minecraft:fly_one_cm":1414870,"minecraft:open_chest":123,"minecraft:fall_one_cm":147204}},"DataVersion":3465}