{"stats":{"minecraft:picked_up":{"minecraft:birch_log":9,"minecraft:coarse_dirt":2,"minecraft:crafting_table":1,"minecraft:golden_carrot":41,"minecraft:diamond_sword":10,"minecraft:wooden_pickaxe":2,"minecraft:birch_planks":5,"minecraft:gold_block":5,"minecraft:enchanted_book":1,"minecraft:oak_log":2,"minecraft:chainmail_chestplate":1,"minecraft:gunpowder":10,"minecraft:wither_skeleton_skull":4,"minecraft:string":92,"minecraft:dirt":3,"minecraft:paper":2,"universal_graves:grave_compass":10,"minecraft:bone":102,"minecraft:experience_bottle":182,"minecraft:cyan_carpet":10,"minecraft:beetroot":2,"minecraft:bow":1,"minecraft:diamond_leggings":1,"simplyswords:runic_tablet":1,"bosses_of_mass_destruction:soul_star":1,"minecraft:spruce_planks":9,"minecraft:birch_wood":2,"minecraft:iron_ingot":32,"minecraft:stone_pickaxe":1,"minecraft:smooth_quartz":19,"minecraft:enchanted_golden_apple":1,"minecraft:coal_block":3,"minecraft:chest":18,"minecraft:book":39,"minecraft:stick":6,"minecraft:cooked_porkchop":43,"minecraft:spruce_stairs":5,"minecraft:spruce_fence":1,"minecraft:spruce_sapling":4,"minecraft:spruce_log":31,"minecraft:redstone":3,"minecraft:diamond_block":5,"minecraft:spider_eye":16,"minecraft:dark_oak_planks":28,"minecraft:dark_prismarine":3,"travelersbackpack:standard":1,"minecraft:pumpkin_seeds":6,"minecraft:arrow":16,"minecraft:rotten_flesh":6,"minecraft:diamond_chestplate":4,"minecraft:diamond":23,"minecraft:beetroot_seeds":2,"minecraft:chainmail_leggings":1,"minecraft:diamond_boots":4,"minecraft:golden_apple":6,"minecraft:gold_ingot":6,"minecraft:chainmail_helmet":4,"minecraft:golden_horse_armor":4,"minecraft:saddle":2,"minecraft:bread":1,"minecraft:emerald":13,"minecraft:dark_oak_wood":5,"minecraft:coal":41,"minecraft:cobblestone":8},"minecraft:used":{"minecraft:birch_planks":3,"minecraft:stone_pickaxe":25,"minecraft:chest":12,"minecraft:spruce_planks":112,"minecraft:wooden_pickaxe":6,"minecraft:torch":5,"minecraft:golden_apple":4,"minecraft:crafting_table":1,"minecraft:spruce_log":1,"minecraft:dark_oak_planks":30,"minecraft:apple":6,"minecraft:bread":33,"minecraft:cyan_carpet":1,"minecraft:smooth_quartz":7,"minecraft:diamond_sword":561,"minecraft:stone_axe":91,"minecraft:bow":13,"minecraft:golden_carrot":2,"minecraft:birch_log":4},"minecraft:killed":{"minecraft:cave_spider":50,"minecraft:spider":18,"minecraft:skeleton":7,"minecraft:wither_skeleton":81},"minecraft:killed_by":{"minecraft:cave_spider":2,"minecraft:wither_skeleton":8,"minecraft:skeleton":1,"minecraft:spider":1,"minecraft:zombie":1},"minecraft:custom":{"minecraft:interact_with_anvil":4,"minecraft:mob_kills":157,"minecraft:interact_with_crafting_table":2,"minecraft:tune_noteblock":1,"minecraft:damage_dealt_resisted":9079,"minecraft:leave_game":11,"minecraft:time_since_death":8587,"minecraft:climb_one_cm":5386,"minecraft:time_since_rest":8843,"minecraft:sprint_one_cm":88094,"minecraft:damage_absorbed":128,"minecraft:damage_taken":6024,"minecraft:walk_one_cm":222464,"minecraft:drop":72,"minecraft:damage_dealt":37022,"minecraft:fly_one_cm":65144,"minecraft:open_chest":32,"minecraft:crouch_one_cm":12429,"minecraft:play_time":81726,"minecraft:deaths":13,"minecraft:sneak_time":5309,"minecraft:jump":565,"minecraft:walk_on_water_one_cm":1337,"minecraft:total_world_time":81726,"minecraft:fall_one_cm":17137},"minecraft:crafted":{"minecraft:oak_planks":8,"minecraft:crafting_table":1,"minecraft:spruce_planks":120,"minecraft:wooden_pickaxe":1,"minecraft:birch_planks":28,"minecraft:stone_axe":1,"minecraft:stick":48,"minecraft:stone_pickaxe":1,"minecraft:dark_oak_planks":20,"minecraft:torch":20},"minecraft:dropped":{"minecraft:birch_planks":10,"minecraft:coarse_dirt":2,"minecraft:golden_horse_armor":6,"minecraft:cobblestone":2,"universal_graves:grave_compass":10,"minecraft:saddle":1,"minecraft:spruce_stairs":5,"minecraft:spruce_fence":1,"minecraft:chainmail_helmet":2,"minecraft:pumpkin_seeds":3,"minecraft:coal":3,"minecraft:stick":8,"bosses_of_mass_destruction:soul_star":1,"minecraft:dirt":4,"minecraft:gunpowder":10,"minecraft:ink_sac":6,"minecraft:spruce_planks":3,"minecraft:beetroot_seeds":2,"minecraft:smooth_quartz":12,"minecraft:spider_eye":5,"minecraft:arrow":3,"minecraft:stone_pickaxe":1,"minecraft:wooden_pickaxe":3,"minecraft:paper":2,"minecraft:string":28,"minecraft:dark_oak_planks":17,"minecraft:dark_prismarine":3,"minecraft:spruce_sapling":4,"minecraft:cyan_carpet":4,"minecraft:bone":32},"minecraft:mined":{"minecraft:dark_oak_planks":5,"minecraft:dark_prismarine":3,"minecraft:spruce_planks":7,"minecraft:crafting_table":1,"minecraft:dark_oak_wood":3,"minecraft:grass_block":1,"minecraft:spruce_fence":1,"minecraft:chest":20,"minecraft:birch_wood":2,"minecraft:spruce_leaves":5,"minecraft:spawner":15,"minecraft:spruce_stairs":2,"minecraft:coarse_dirt":1,"minecraft:birch_log":9,"minecraft:spruce_log":31,"minecraft:oak_log":2,"minecraft:cyan_carpet":4,"minecraft:smooth_quartz":4,"minecraft:stone":8,"minecraft:oak_leaves":3}},"DataVersion":3465}