{"stats":{"minecraft:picked_up":{"minecraft:birch_log":9,"minecraft:crafting_table":1,"minecraft:coarse_dirt":2,"minecraft:golden_carrot":41,"minecraft:diamond_sword":2,"minecraft:gold_block":5,"minecraft:enchanted_book":1,"minecraft:oak_log":2,"minecraft:chainmail_chestplate":1,"minecraft:gunpowder":10,"minecraft:dirt":1,"minecraft:string":37,"minecraft:paper":2,"universal_graves:grave_compass":2,"minecraft:experience_bottle":182,"minecraft:bone":15,"minecraft:cyan_carpet":1,"minecraft:beetroot":2,"minecraft:bow":1,"minecraft:diamond_leggings":1,"simplyswords:runic_tablet":1,"minecraft:spruce_planks":6,"minecraft:iron_ingot":32,"minecraft:smooth_quartz":4,"minecraft:enchanted_golden_apple":1,"minecraft:coal_block":3,"minecraft:chest":18,"minecraft:book":39,"minecraft:stick":2,"minecraft:cooked_porkchop":43,"minecraft:spruce_stairs":3,"minecraft:spruce_fence":1,"minecraft:spruce_sapling":3,"minecraft:spruce_log":31,"minecraft:diamond_block":5,"minecraft:redstone":3,"minecraft:spider_eye":2,"minecraft:dark_oak_planks":1,"minecraft:dark_prismarine":3,"travelersbackpack:standard":1,"minecraft:pumpkin_seeds":3,"minecraft:arrow":13,"minecraft:diamond_chestplate":4,"minecraft:rotten_flesh":6,"minecraft:diamond":23,"minecraft:beetroot_seeds":2,"minecraft:chainmail_leggings":1,"minecraft:diamond_boots":4,"minecraft:emerald":13,"minecraft:bread":1,"minecraft:saddle":2,"minecraft:golden_apple":6,"minecraft:golden_horse_armor":2,"minecraft:chainmail_helmet":4,"minecraft:gold_ingot":6,"minecraft:coal":8,"minecraft:cobblestone":8},"minecraft:used":{"minecraft:stone_pickaxe":21,"minecraft:chest":2,"minecraft:spruce_planks":112,"minecraft:wooden_pickaxe":6,"minecraft:torch":2,"minecraft:golden_apple":1,"minecraft:crafting_table":1,"minecraft:spruce_log":1,"minecraft:apple":6,"minecraft:bread":11,"minecraft:smooth_quartz":1,"minecraft:stone_axe":85,"minecraft:diamond_sword":77,"minecraft:bow":12,"minecraft:golden_carrot":2,"minecraft:birch_log":4},"minecraft:killed":{"minecraft:cave_spider":31,"minecraft:skeleton":6,"minecraft:wither_skeleton":8},"minecraft:killed_by":{"minecraft:cave_spider":1,"minecraft:wither_skeleton":2,"minecraft:skeleton":1,"minecraft:zombie":1},"minecraft:custom":{"minecraft:interact_with_anvil":1,"minecraft:mob_kills":46,"minecraft:interact_with_crafting_table":2,"minecraft:damage_dealt_resisted":1606,"minecraft:leave_game":4,"minecraft:time_since_death":212,"minecraft:climb_one_cm":1527,"minecraft:time_since_rest":248,"minecraft:sprint_one_cm":64993,"minecraft:damage_absorbed":38,"minecraft:damage_taken":2380,"minecraft:walk_one_cm":117738,"minecraft:drop":26,"minecraft:damage_dealt":4378,"minecraft:fly_one_cm":53825,"minecraft:open_chest":29,"minecraft:crouch_one_cm":5657,"minecraft:play_time":47919,"minecraft:deaths":5,"minecraft:sneak_time":1769,"minecraft:jump":455,"minecraft:walk_on_water_one_cm":1337,"minecraft:total_world_time":47919,"minecraft:fall_one_cm":8048},"minecraft:crafted":{"minecraft:oak_planks":8,"minecraft:crafting_table":1,"minecraft:spruce_planks":120,"minecraft:wooden_pickaxe":1,"minecraft:birch_planks":20,"minecraft:stone_axe":1,"minecraft:stick":48,"minecraft:stone_pickaxe":1,"minecraft:torch":20},"minecraft:dropped":{"minecraft:coarse_dirt":2,"minecraft:golden_horse_armor":2,"minecraft:cobblestone":2,"universal_graves:grave_compass":3,"minecraft:saddle":1,"minecraft:spruce_stairs":1,"minecraft:chainmail_helmet":2,"minecraft:coal":3,"minecraft:stick":4,"minecraft:dirt":1,"minecraft:gunpowder":10,"minecraft:ink_sac":6,"minecraft:beetroot_seeds":2,"minecraft:arrow":3,"minecraft:wooden_pickaxe":1,"minecraft:dark_prismarine":3,"minecraft:string":14,"minecraft:paper":2,"minecraft:spruce_sapling":2,"minecraft:bone":2},"minecraft:mined":{"minecraft:dark_oak_planks":1,"minecraft:dark_prismarine":3,"minecraft:spruce_planks":7,"minecraft:crafting_table":1,"minecraft:grass_block":1,"minecraft:spruce_fence":1,"minecraft:chest":18,"minecraft:spruce_leaves":5,"minecraft:spawner":12,"minecraft:spruce_stairs":2,"minecraft:coarse_dirt":1,"minecraft:birch_log":9,"minecraft:spruce_log":31,"minecraft:oak_log":2,"minecraft:smooth_quartz":4,"minecraft:stone":8,"minecraft:oak_leaves":2}},"DataVersion":3465}