{"stats":{"minecraft:dropped":{"minecraft:enchanted_book":2,"minecraft:iron_ingot":34,"minecraft:bread":11,"minecraft:iron_sword":2,"minecraft:porkchop":7,"minecraft:wheat_seeds":5,"minecraft:oak_log":3,"minecraft:tnt":4,"minecraft:dark_oak_slab":2,"minecraft:stripped_birch_wood":1,"minecraft:crossbow":1,"minecraft:feather":3,"minecraft:rooted_dirt":2,"minecraft:leather":1,"minecraft:spruce_stairs":3,"minecraft:birch_slab":6,"minecraft:red_carpet":6,"minecraft:stick":8,"minecraft:jungle_slab":2,"minecraft:dirt":3,"minecraft:packed_ice":9,"minecraft:wooden_axe":1,"minecraft:iron_leggings":3,"minecraft:gold_nugget":1,"minecraft:sand":7,"minecraft:redstone":3,"minecraft:glistering_melon_slice":1,"minecraft:iron_pickaxe":1,"minecraft:string":7,"minecraft:bucket":1,"minecraft:white_wool":1,"minecraft:cyan_carpet":2,"minecraft:stone_brick_slab":1,"minecraft:gravel":3,"minecraft:anvil":1,"minecraft:moss_carpet":8,"minecraft:oak_trapdoor":2,"minecraft:iron_nugget":6,"minecraft:obsidian":1,"minecraft:soul_lantern":1,"immersive_melodies:flute":1,"minecraft:rotten_flesh":13,"universal_graves:grave_compass":8,"minecraft:iron_boots":1,"minecraft:spruce_fence":2,"minecraft:flint_and_steel":1,"minecraft:filled_map":2,"minecraft:potato":6,"minecraft:spruce_planks":8,"minecraft:azalea":4,"minecraft:mossy_stone_bricks":3,"minecraft:acacia_slab":1,"minecraft:barrel":1,"simplyswords:diamond_greathammer":1,"minecraft:bow":2,"minecraft:arrow":2,"minecraft:crying_obsidian":1,"simplyswords:iron_greathammer":1},"minecraft:mined":{"minecraft:diamond_ore":1,"minecraft:crying_obsidian":1,"minecraft:spruce_planks":3,"minecraft:jungle_slab":2,"minecraft:dark_oak_log":8,"minecraft:red_nether_bricks":2,"minecraft:grass_block":3,"minecraft:spruce_leaves":2,"minecraft:acacia_slab":3,"minecraft:sandstone":1,"minecraft:spawner":18,"minecraft:hay_block":25,"minecraft:carrots":1,"minecraft:barrel":1,"minecraft:stripped_spruce_log":1,"minecraft:anvil":1,"minecraft:stripped_dark_oak_wood":2,"minecraft:potatoes":13,"minecraft:bookshelf":2,"minecraft:packed_ice":247,"minecraft:azalea":1,"minecraft:stone":11,"minecraft:smooth_quartz_stairs":1,"minecraft:stripped_mangrove_wood":1,"minecraft:white_wool":8,"minecraft:deepslate_redstone_ore":1,"minecraft:red_bed":8,"minecraft:stone_brick_slab":2,"minecraft:powder_snow":10,"minecraft:oak_fence":2,"minecraft:emerald_ore":1,"minecraft:calcite":6,"minecraft:chest":2,"minecraft:dead_bush":1,"minecraft:cobblestone":14,"minecraft:cyan_bed":3,"minecraft:oak_planks":2,"minecraft:blue_bed":1,"minecraft:birch_planks":3,"minecraft:dark_oak_slab":2,"minecraft:light_blue_bed":2,"minecraft:mud":2,"minecraft:blue_ice":2,"minecraft:wheat":5,"minecraft:ice":55,"minecraft:spruce_log":17,"minecraft:stripped_oak_wood":4,"minecraft:tnt":4,"minecraft:grass":3,"minecraft:gravel":3,"minecraft:sand":4,"minecraft:cyan_carpet":2,"minecraft:dirt":6,"minecraft:stripped_birch_wood":2,"minecraft:cobweb":2,"minecraft:stone_bricks":3,"minecraft:mossy_stone_bricks":1,"minecraft:suspicious_gravel":1},"minecraft:picked_up":{"minecraft:anvil":2,"minecraft:packed_ice":9,"minecraft:enchanted_book":5,"minecraft:oak_trapdoor":2,"minecraft:string":7,"minecraft:red_bed":7,"minecraft:moss_carpet":8,"minecraft:flint_and_steel":1,"minecraft:iron_leggings":3,"minecraft:purple_banner":1,"universal_graves:grave_compass":7,"minecraft:cyan_carpet":2,"minecraft:gold_nugget":1,"bosses_of_mass_destruction:soul_star":1,"minecraft:spruce_planks":4,"minecraft:deepslate_diamond_ore":1,"minecraft:beef":2,"minecraft:calcite":6,"minecraft:player_head":1,"minecraft:azalea":4,"minecraft:iron_pickaxe":1,"minecraft:chest":2,"minecraft:iron_boots":1,"minecraft:diamond_ore":1,"minecraft:tipped_arrow":3,"minecraft:stick":2,"minecraft:spruce_stairs":3,"minecraft:spruce_fence":2,"minecraft:porkchop":7,"minecraft:carrot":1,"minecraft:redstone":9,"minecraft:light_blue_bed":2,"minecraft:tnt":7,"minecraft:arrow":66,"minecraft:rotten_flesh":29,"minecraft:diamond_boots":1,"minecraft:hay_block":25,"minecraft:stripped_dark_oak_wood":2,"minecraft:glistering_melon_slice":1,"minecraft:gold_ingot":3,"minecraft:stripped_birch_wood":2,"minecraft:cod":1,"minecraft:obsidian":5,"minecraft:cobblestone":12,"minecraft:snowball":4,"minecraft:white_wool":17,"minecraft:feather":3,"minecraft:cooked_beef":2,"minecraft:birch_slab":6,"minecraft:salmon":1,"minecraft:leather":7,"minecraft:powder_snow_bucket":1,"minecraft:potato":19,"minecraft:birch_planks":3,"minecraft:filled_map":1,"minecraft:flint":3,"minecraft:oak_log":3,"minecraft:gunpowder":12,"minecraft:blue_bed":1,"minecraft:dirt":13,"travelersbackpack:sheep":1,"minecraft:red_carpet":6,"minecraft:bone":16,"minecraft:apple":8,"minecraft:gray_carpet":5,"minecraft:bow":3,"minecraft:wheat_seeds":5,"minecraft:iron_ingot":2,"minecraft:stripped_oak_wood":4,"minecraft:mossy_stone_bricks":4,"minecraft:diamond_helmet":1,"minecraft:iron_sword":1,"minecraft:oak_planks":2,"minecraft:book":3,"minecraft:dark_oak_slab":4,"minecraft:stone_brick_slab":1,"minecraft:gravel":3,"minecraft:sand":7,"minecraft:stripped_spruce_log":1,"minecraft:grass_block":1,"simplyswords:iron_greathammer":1,"minecraft:dark_oak_log":8,"minecraft:cyan_bed":3,"minecraft:spruce_log":17,"minecraft:crying_obsidian":2,"minecraft:jungle_slab":4,"minecraft:barrel":1,"simplyswords:diamond_greathammer":1,"minecraft:oak_wood":1,"minecraft:diamond":4,"minecraft:spruce_boat":13,"minecraft:soul_lantern":1,"minecraft:iron_helmet":1,"minecraft:crossbow":2,"minecraft:emerald":23,"minecraft:bread":12,"minecraft:rooted_dirt":2,"minecraft:acacia_slab":3,"minecraft:ender_pearl":3},"minecraft:killed_by":{"minecraft:husk":4,"minecraft:pillager":9,"minecraft:enderman":1,"minecraft:hoglin":1,"minecraft:skeleton":1,"minecraft:zombie":1},"minecraft:crafted":{"hangglider:glider_framework":1,"minecraft:oak_planks":20,"simplyswords:diamond_greathammer":1,"minecraft:iron_nugget":9,"hangglider:hang_glider":1,"hangglider:glider_wing":2,"immersive_melodies:piano":1,"minecraft:dark_oak_door":6,"minecraft:diamond_leggings":1,"minecraft:spruce_boat":1,"minecraft:dark_oak_planks":40,"minecraft:wheat":117,"minecraft:crafting_table":9,"minecraft:spruce_planks":72,"minecraft:bread":42,"minecraft:diamond_pickaxe":1,"minecraft:stick":24,"minecraft:iron_pickaxe":2,"minecraft:wooden_axe":1,"minecraft:iron_block":3,"minecraft:anvil":1,"minecraft:note_block":3,"morebows:diamond_bow":1,"morevanillashields:diamond_shield":1,"minecraft:diamond_chestplate":1},"minecraft:killed":{"minecraft:spider":3,"minecraft:vindicator":17,"minecraft:skeleton":14,"minecraft:drowned":1,"minecraft:illusioner":1,"minecraft:piglin_brute":1,"minecraft:parrot":1,"minecraft:piglin":2,"minecraft:husk":15,"minecraft:bat":1,"minecraft:creeper":3,"minecraft:polar_bear":2,"minecraft:pillager":18,"minecraft:zombie":23,"minecraft:stray":5,"minecraft:cow":4},"minecraft:used":{"minecraft:flint_and_steel":1,"morebows:diamond_bow":66,"minecraft:spruce_planks":23,"minecraft:chest":2,"minecraft:iron_sword":173,"minecraft:stripped_birch_wood":1,"minecraft:dirt":10,"minecraft:anvil":1,"minecraft:carrot":1,"minecraft:diamond_helmet":1,"minecraft:obsidian":6,"minecraft:dark_oak_planks":5,"minecraft:spruce_boat":13,"minecraft:wooden_axe":32,"minecraft:acacia_slab":2,"simplyswords:diamond_greathammer":176,"minecraft:light_blue_bed":2,"minecraft:diamond_chestplate":1,"minecraft:bow":12,"minecraft:beef":1,"minecraft:hay_block":12,"morevanillashields:diamond_shield":9,"minecraft:cooked_beef":2,"minecraft:potato":13,"minecraft:powder_snow_bucket":1,"minecraft:iron_leggings":1,"minecraft:calcite":6,"travelersbackpack:sheep":1,"minecraft:water_bucket":24,"minecraft:oak_planks":2,"minecraft:ender_pearl":3,"simplyswords:diamond_greataxe":1,"minecraft:white_wool":13,"minecraft:tnt":3,"minecraft:crafting_table":9,"minecraft:red_bed":7,"minecraft:crossbow":15,"minecraft:dark_oak_door":1,"minecraft:diamond_pickaxe":342,"minecraft:apple":1,"minecraft:crying_obsidian":1,"minecraft:cyan_bed":1,"minecraft:bread":96,"minecraft:iron_pickaxe":33,"minecraft:diamond_ore":1,"minecraft:stone_axe":20,"minecraft:cobblestone":12,"minecraft:bucket":24,"minecraft:diamond_leggings":1},"minecraft:custom":{"minecraft:interact_with_anvil":4,"minecraft:mob_kills":114,"minecraft:interact_with_crafting_table":25,"minecraft:open_barrel":100,"minecraft:interact_with_campfire":2,"minecraft:time_since_death":123143,"minecraft:climb_one_cm":13855,"minecraft:sprint_one_cm":426275,"minecraft:walk_one_cm":545130,"minecraft:damage_blocked_by_shield":340,"minecraft:drop":99,"minecraft:talked_to_villager":3,"minecraft:play_time":203583,"minecraft:deaths":19,"minecraft:sneak_time":3293,"minecraft:walk_under_water_one_cm":54804,"minecraft:boat_one_cm":257838,"minecraft:jump":4593,"minecraft:walk_on_water_one_cm":50227,"minecraft:total_world_time":203583,"minecraft:sleep_in_bed":5,"minecraft:time_since_rest":123169,"minecraft:damage_taken":9751,"minecraft:damage_dealt":23322,"minecraft:swim_one_cm":141100,"minecraft:fly_one_cm":1208811,"minecraft:open_chest":88,"minecraft:crouch_one_cm":8264,"minecraft:fall_one_cm":100807,"minecraft:inspect_dispenser":1}},"DataVersion":3465}