{"stats":{"minecraft:broken":{"minecraft:chainmail_chestplate":1,"minecraft:stone_axe":1},"minecraft:dropped":{"minecraft:birch_planks":10,"minecraft:golden_horse_armor":6,"minecraft:cobblestone":2,"minecraft:saddle":1,"minecraft:spruce_stairs":5,"minecraft:chainmail_helmet":3,"minecraft:coal":3,"minecraft:stick":8,"minecraft:dirt":4,"minecraft:ink_sac":6,"minecraft:smooth_quartz":12,"minecraft:chainmail_leggings":1,"minecraft:paper":2,"minecraft:dark_oak_planks":18,"minecraft:string":28,"minecraft:cyan_carpet":5,"minecraft:spruce_sapling":4,"minecraft:bone":79,"minecraft:coarse_dirt":2,"minecraft:beetroot":2,"minecraft:rotten_flesh":6,"universal_graves:grave_compass":10,"minecraft:spruce_fence":8,"minecraft:pumpkin_seeds":3,"bosses_of_mass_destruction:soul_star":1,"minecraft:gunpowder":10,"minecraft:spruce_planks":3,"minecraft:beetroot_seeds":2,"minecraft:redstone_torch":1,"minecraft:spider_eye":17,"minecraft:arrow":3,"minecraft:wooden_pickaxe":3,"minecraft:stone_pickaxe":3,"minecraft:dark_prismarine":3},"minecraft:used":{"morebows:diamond_bow":5,"minecraft:spruce_planks":112,"minecraft:chest":12,"minecraft:torch":31,"minecraft:dark_oak_planks":49,"simplyswords:diamond_greathammer":4,"minecraft:smooth_quartz":7,"minecraft:golden_carrot":17,"simplyswords:iron_scythe":29,"minecraft:bow":17,"minecraft:birch_planks":3,"minecraft:stone_pickaxe":33,"minecraft:wooden_pickaxe":6,"minecraft:diamond_axe":2,"minecraft:golden_apple":4,"minecraft:crafting_table":1,"minecraft:spruce_log":1,"minecraft:diamond_pickaxe":6,"minecraft:apple":6,"minecraft:bread":33,"minecraft:cyan_carpet":1,"minecraft:stone_axe":120,"minecraft:diamond_sword":965,"minecraft:birch_log":4,"minecraft:diamond_leggings":1},"minecraft:crafted":{"minecraft:oak_planks":8,"minecraft:coal":27,"simplyswords:diamond_greathammer":1,"minecraft:iron_nugget":18,"minecraft:diamond_helmet":1,"minecraft:bow":1,"minecraft:stone_pickaxe":1,"minecraft:dark_oak_planks":28,"minecraft:diamond_axe":1,"minecraft:crafting_table":1,"minecraft:spruce_planks":120,"minecraft:wooden_pickaxe":1,"minecraft:birch_planks":28,"minecraft:stone_axe":1,"minecraft:diamond_pickaxe":1,"minecraft:stick":64,"morebows:diamond_bow":1,"minecraft:torch":72},"minecraft:mined":{"minecraft:dark_oak_planks":24,"minecraft:dark_prismarine":3,"minecraft:spruce_planks":9,"minecraft:grass_block":1,"minecraft:spruce_fence":6,"minecraft:spruce_leaves":5,"minecraft:spawner":27,"minecraft:stone":8,"minecraft:redstone_wall_torch":1,"minecraft:crafting_table":1,"minecraft:dark_oak_wood":5,"minecraft:chest":20,"minecraft:birch_wood":2,"minecraft:spruce_stairs":2,"minecraft:coarse_dirt":1,"minecraft:birch_log":9,"minecraft:spruce_log":31,"minecraft:oak_log":2,"minecraft:cyan_carpet":11,"minecraft:smooth_quartz":5,"minecraft:cobweb":3,"minecraft:oak_leaves":3},"minecraft:killed":{"minecraft:cave_spider":82,"minecraft:spider":25,"minecraft:skeleton":13,"minecraft:wither_skeleton":136},"minecraft:killed_by":{"minecraft:wither_skeleton":8,"minecraft:spider":1,"minecraft:cave_spider":3,"minecraft:skeleton":1,"minecraft:zombie":1},"minecraft:picked_up":{"minecraft:crafting_table":1,"minecraft:coarse_dirt":2,"minecraft:diamond_sword":15,"minecraft:wooden_pickaxe":2,"minecraft:gold_block":5,"minecraft:enchanted_book":1,"minecraft:string":148,"universal_graves:grave_compass":11,"minecraft:experience_bottle":182,"minecraft:cyan_carpet":16,"minecraft:beetroot":2,"minecraft:diamond_leggings":1,"simplyswords:runic_tablet":1,"bosses_of_mass_destruction:soul_star":1,"minecraft:spruce_planks":11,"minecraft:redstone_torch":1,"minecraft:smooth_quartz":19,"minecraft:enchanted_golden_apple":1,"minecraft:coal_block":3,"minecraft:chest":18,"minecraft:stick":6,"minecraft:spruce_stairs":5,"minecraft:spruce_fence":15,"minecraft:redstone":3,"minecraft:dark_oak_planks":47,"minecraft:arrow":27,"minecraft:diamond_chestplate":4,"minecraft:rotten_flesh":6,"minecraft:beetroot_seeds":2,"minecraft:diamond_boots":4,"minecraft:saddle":2,"minecraft:gold_ingot":6,"minecraft:cobblestone":8,"minecraft:birch_log":9,"minecraft:golden_carrot":41,"minecraft:birch_planks":5,"minecraft:oak_log":2,"minecraft:chainmail_chestplate":1,"minecraft:gunpowder":10,"minecraft:wither_skeleton_skull":5,"minecraft:dirt":3,"minecraft:paper":2,"minecraft:bone":143,"minecraft:bow":1,"minecraft:birch_wood":2,"minecraft:iron_ingot":32,"minecraft:stone_pickaxe":2,"minecraft:book":39,"minecraft:cooked_porkchop":43,"minecraft:spruce_sapling":4,"minecraft:spruce_log":31,"minecraft:diamond_block":5,"minecraft:spider_eye":29,"minecraft:dark_prismarine":3,"travelersbackpack:standard":1,"minecraft:pumpkin_seeds":6,"minecraft:diamond":23,"minecraft:chainmail_leggings":1,"minecraft:golden_apple":6,"minecraft:emerald":13,"minecraft:bread":1,"minecraft:golden_horse_armor":4,"minecraft:chainmail_helmet":4,"minecraft:dark_oak_wood":7,"minecraft:coal":60},"minecraft:custom":{"minecraft:mob_kills":258,"minecraft:interact_with_anvil":6,"minecraft:interact_with_crafting_table":9,"minecraft:damage_dealt_resisted":16810,"minecraft:leave_game":13,"minecraft:time_since_death":28951,"minecraft:climb_one_cm":6225,"minecraft:sprint_one_cm":130722,"minecraft:walk_one_cm":342398,"minecraft:drop":86,"minecraft:play_noteblock":1,"minecraft:play_time":111891,"minecraft:deaths":14,"minecraft:sneak_time":7962,"minecraft:jump":807,"minecraft:walk_on_water_one_cm":1337,"minecraft:total_world_time":111891,"minecraft:tune_noteblock":1,"minecraft:time_since_rest":29217,"minecraft:damage_taken":7864,"minecraft:damage_absorbed":128,"minecraft:damage_dealt":62550,"minecraft:fly_one_cm":97115,"minecraft:open_chest":42,"minecraft:crouch_one_cm":17607,"minecraft:fall_one_cm":20615}},"DataVersion":3465}