{"stats":{"minecraft:dropped":{"minecraft:porkchop":1,"minecraft:birch_planks":11,"minecraft:diamond":39,"minecraft:cooked_porkchop":43,"minecraft:orange_tulip":2,"minecraft:saddle":1,"minecraft:dirt":4,"minecraft:dark_oak_planks":18,"minecraft:cyan_carpet":12,"minecraft:bone":79,"minecraft:beetroot":2,"minecraft:rotten_flesh":17,"universal_graves:grave_compass":13,"bosses_of_mass_destruction:soul_star":2,"minecraft:gunpowder":11,"minecraft:beetroot_seeds":2,"minecraft:chainmail_boots":1,"minecraft:red_nether_bricks":2,"minecraft:iron_bars":1,"minecraft:arrow":3,"minecraft:quartz":2,"minecraft:golden_horse_armor":6,"minecraft:diamond_leggings":1,"minecraft:cobblestone":3,"minecraft:spruce_stairs":5,"minecraft:chainmail_helmet":4,"minecraft:coal":3,"minecraft:stick":50,"minecraft:cobweb":1,"minecraft:ink_sac":6,"minecraft:torch":129,"minecraft:smooth_quartz":15,"minecraft:rose_bush":3,"minecraft:iron_door":2,"minecraft:chainmail_leggings":1,"minecraft:paper":2,"minecraft:string":35,"minecraft:spruce_sapling":4,"minecraft:green_terracotta":7,"minecraft:coarse_dirt":2,"minecraft:experience_bottle":64,"minecraft:spruce_fence":9,"minecraft:pumpkin_seeds":3,"minecraft:diamond_sword":7,"minecraft:diamond_chestplate":2,"minecraft:spruce_planks":3,"minecraft:redstone_torch":2,"minecraft:spider_eye":30,"minecraft:stone_pickaxe":3,"minecraft:wooden_pickaxe":3,"minecraft:dark_prismarine":3},"minecraft:killed_by":{"minecraft:wither_skeleton":24,"minecraft:cave_spider":6,"minecraft:zombie":1,"minecraft:spider":2,"minecraft:skeleton":3},"minecraft:picked_up":{"minecraft:chainmail_boots":1,"morevanillashields:obsidian_shield":2,"minecraft:diamond_sword":31,"minecraft:oak_stairs":4,"minecraft:potion":1,"minecraft:enchanted_book":18,"minecraft:string":372,"minecraft:red_nether_bricks":2,"universal_graves:grave_compass":16,"minecraft:experience_bottle":182,"minecraft:beetroot":6,"minecraft:diamond_leggings":3,"minecraft:gold_nugget":8,"minecraft:cobbled_deepslate":81,"bosses_of_mass_destruction:soul_star":7,"minecraft:bucket":2,"minecraft:spruce_planks":13,"minecraft:redstone_torch":3,"minecraft:rose_bush":3,"minecraft:smooth_quartz":29,"minecraft:coal_block":4,"minecraft:enchanted_golden_apple":2,"minecraft:melon_slice":5,"minecraft:stick":10,"minecraft:torch":112,"minecraft:spruce_stairs":5,"minecraft:porkchop":1,"minecraft:green_terracotta":7,"minecraft:rotten_flesh":22,"minecraft:cyan_terracotta":40,"minecraft:stripped_birch_wood":4,"minecraft:obsidian":3,"adventurez:orc_skin":6,"minecraft:iron_bars":1,"morebows:diamond_bow":1,"minecraft:cobblestone":89,"minecraft:birch_log":9,"minecraft:enchanting_table":1,"minecraft:magma_cream":1,"minecraft:iron_door":2,"minecraft:andesite":21,"minecraft:flint":1,"minecraft:tuff":1,"minecraft:wither_skeleton_skull":9,"minecraft:gray_concrete":8,"minecraft:dirt":8,"minecraft:name_tag":1,"minecraft:bone":343,"minecraft:chipped_anvil":5,"minecraft:bow":3,"minecraft:orange_tulip":4,"minecraft:wheat_seeds":2,"minecraft:raw_gold":1,"minecraft:birch_wood":8,"minecraft:grindstone":1,"minecraft:diamond_helmet":2,"minecraft:oak_planks":2,"minecraft:cooked_porkchop":49,"minecraft:lime_terracotta":2,"minecraft:diamond_block":5,"minecraft:cyan_bed":7,"morevanillashields:coal_shield":1,"minecraft:dark_prismarine":3,"minecraft:diamond":32,"minecraft:polished_blackstone_pressure_plate":2,"minecraft:cracked_polished_blackstone_bricks":7,"minecraft:crossbow":1,"minecraft:golden_apple":6,"minecraft:bread":63,"minecraft:emerald":75,"minecraft:golden_horse_armor":4,"minecraft:chainmail_helmet":7,"minecraft:netherrack":230,"minecraft:diamond_pickaxe":2,"minecraft:crafting_table":2,"minecraft:coarse_dirt":2,"minecraft:azure_bluet":1,"minecraft:nether_wart":25,"minecraft:wooden_pickaxe":2,"minecraft:gold_block":23,"minecraft:cyan_carpet":34,"minecraft:blackstone":238,"simplyswords:runic_tablet":1,"minecraft:chest":18,"minecraft:egg":1,"minecraft:spruce_fence":23,"minecraft:carrot":1,"minecraft:redstone":3,"minecraft:dark_oak_planks":104,"minecraft:arrow":119,"minecraft:diamond_chestplate":7,"simplyswords:iron_scythe":1,"minecraft:beetroot_seeds":2,"minecraft:nether_bricks":9,"minecraft:diamond_boots":6,"minecraft:yellow_terracotta":8,"minecraft:saddle":3,"minecraft:gold_ingot":30,"minecraft:rail":3,"minecraft:basalt":6,"minecraft:golden_carrot":72,"minecraft:birch_planks":6,"minecraft:oak_log":4,"minecraft:chainmail_chestplate":1,"minecraft:yellow_bed":5,"minecraft:gunpowder":20,"minecraft:paper":2,"minecraft:iron_ingot":32,"minecraft:stone_pickaxe":2,"minecraft:book":106,"minecraft:smooth_basalt":8,"minecraft:pumpkin":9,"minecraft:quartz":2,"minecraft:gravel":6,"minecraft:spruce_sapling":4,"minecraft:soul_torch":1,"minecraft:spruce_log":31,"minecraft:spider_eye":98,"travelersbackpack:standard":5,"simplyswords:diamond_greathammer":1,"minecraft:pumpkin_seeds":6,"minecraft:slime_ball":5,"minecraft:chainmail_leggings":1,"minecraft:diamond_axe":2,"minecraft:damaged_anvil":1,"minecraft:coal":160,"minecraft:dark_oak_wood":42},"minecraft:broken":{"minecraft:diamond_helmet":1,"minecraft:diamond_boots":1,"minecraft:chainmail_chestplate":1,"minecraft:stone_axe":2},"minecraft:used":{"minecraft:chest":12,"minecraft:nether_bricks":9,"minecraft:carrot":3,"minecraft:obsidian":1,"minecraft:cyan_terracotta":40,"minecraft:lava_bucket":14,"minecraft:dark_oak_wood":2,"minecraft:bow":17,"simplyswords:iron_scythe":29,"minecraft:egg":1,"minecraft:damaged_anvil":1,"minecraft:diamond_boots":1,"minecraft:stone_pickaxe":33,"minecraft:blackstone":97,"minecraft:wooden_pickaxe":6,"minecraft:diamond_axe":64,"minecraft:golden_apple":8,"minecraft:gray_concrete":8,"minecraft:cyan_bed":6,"minecraft:bread":118,"minecraft:string":3,"minecraft:cyan_carpet":3,"minecraft:gravel":6,"minecraft:diamond_sword":2179,"minecraft:coal_block":1,"minecraft:birch_log":4,"minecraft:experience_bottle":35,"minecraft:flint_and_steel":1,"morebows:diamond_bow":567,"minecraft:spruce_planks":114,"minecraft:netherrack":146,"minecraft:torch":220,"minecraft:dirt":5,"minecraft:diamond_helmet":1,"minecraft:spruce_fence":1,"minecraft:dark_oak_planks":197,"minecraft:chipped_anvil":2,"minecraft:oak_stairs":4,"simplyswords:diamond_greathammer":4,"minecraft:smooth_quartz":7,"minecraft:smooth_basalt":7,"minecraft:basalt":6,"minecraft:golden_carrot":86,"minecraft:cobbled_deepslate":17,"minecraft:pumpkin":9,"minecraft:enchanted_golden_apple":3,"minecraft:water_bucket":14,"minecraft:birch_planks":35,"minecraft:lime_terracotta":2,"minecraft:crafting_table":4,"minecraft:spruce_log":1,"minecraft:diamond_pickaxe":949,"minecraft:apple":6,"minecraft:cracked_polished_blackstone_bricks":7,"minecraft:stone_axe":124,"minecraft:cobblestone":80,"travelersbackpack:standard":18,"minecraft:bucket":29,"minecraft:yellow_bed":4,"minecraft:diamond_leggings":2},"minecraft:custom":{"minecraft:interact_with_crafting_table":17,"minecraft:open_barrel":38,"minecraft:leave_game":15,"minecraft:time_since_death":125456,"minecraft:damage_resisted":204,"minecraft:sprint_one_cm":926953,"minecraft:drop":148,"minecraft:play_noteblock":3,"minecraft:play_time":346916,"minecraft:deaths":37,"minecraft:jump":5182,"minecraft:walk_on_water_one_cm":51632,"minecraft:interact_with_furnace":1,"minecraft:sleep_in_bed":3,"minecraft:damage_dealt":138131,"minecraft:player_kills":1,"minecraft:crouch_one_cm":40775,"minecraft:mob_kills":697,"minecraft:interact_with_anvil":27,"minecraft:damage_dealt_resisted":37039,"minecraft:climb_one_cm":11178,"minecraft:walk_one_cm":1137979,"minecraft:damage_dealt_absorbed":7920,"minecraft:sneak_time":18015,"minecraft:walk_under_water_one_cm":17968,"minecraft:total_world_time":346916,"minecraft:tune_noteblock":1,"minecraft:time_since_rest":55791,"minecraft:damage_taken":26030,"minecraft:damage_absorbed":602,"minecraft:swim_one_cm":104004,"minecraft:fly_one_cm":744805,"minecraft:open_chest":104,"minecraft:fall_one_cm":158022},"minecraft:killed":{"minecraft:cave_spider":175,"minecraft:zombified_piglin":3,"minecraft:spider":68,"minecraft:skeleton":56,"minecraft:piglin_brute":6,"minecraft:piglin":14,"minecraft:pig":1,"minecraft:iron_golem":2,"minecraft:creeper":27,"minecraft:pillager":6,"minecraft:zombie":20,"minecraft:blaze":24,"minecraft:slime":9,"minecraft:phantom":2,"minecraft:drowned":1,"adventurez:orc":4,"adventurez:piglin_beast":1,"minecraft:bat":1,"minecraft:hoglin":1,"minecraft:wither_skeleton":270,"minecraft:player":1,"minecraft:enderman":1},"minecraft:mined":{"minecraft:dark_oak_planks":45,"minecraft:spruce_planks":11,"minecraft:red_nether_bricks":2,"minecraft:obsidian":3,"minecraft:grass_block":1,"minecraft:cracked_polished_blackstone_bricks":9,"minecraft:polished_blackstone_pressure_plate":2,"minecraft:nether_wart":20,"minecraft:spawner":67,"minecraft:polished_blackstone_bricks":15,"minecraft:magma_block":1,"minecraft:red_nether_brick_stairs":3,"minecraft:cobbled_deepslate":1,"minecraft:fire":4,"minecraft:pumpkin":9,"minecraft:enchanting_table":1,"minecraft:oak_stairs":4,"minecraft:iron_bars":1,"minecraft:brown_mushroom":1,"minecraft:cyan_terracotta":42,"minecraft:blackstone":349,"minecraft:crimson_nylium":3,"minecraft:torch":5,"minecraft:dark_oak_wood":34,"minecraft:melon":1,"minecraft:chest":20,"minecraft:nether_quartz_ore":4,"minecraft:cobblestone":2,"minecraft:birch_wood":9,"minecraft:cyan_bed":6,"minecraft:grindstone":1,"minecraft:damaged_anvil":1,"minecraft:iron_door":2,"minecraft:wall_torch":3,"minecraft:birch_log":9,"minecraft:orange_tulip":2,"minecraft:grass":12,"minecraft:oak_log":4,"minecraft:lime_terracotta":2,"minecraft:dirt":5,"minecraft:smooth_quartz":12,"minecraft:stripped_birch_wood":2,"minecraft:smooth_basalt":1,"minecraft:netherrack":232,"minecraft:oak_leaves":6,"minecraft:deepslate":43,"minecraft:yellow_terracotta":8,"minecraft:dark_prismarine":3,"minecraft:tuff":2,"minecraft:nether_bricks":9,"minecraft:spruce_fence":13,"minecraft:spruce_leaves":5,"minecraft:andesite":18,"minecraft:green_terracotta":7,"minecraft:gold_block":19,"minecraft:bookshelf":2,"minecraft:stone":88,"minecraft:redstone_wall_torch":2,"minecraft:gray_concrete":9,"minecraft:basalt":8,"minecraft:crafting_table":1,"minecraft:rose_bush":1,"minecraft:tall_grass":5,"minecraft:spruce_stairs":2,"minecraft:birch_planks":1,"minecraft:coarse_dirt":1,"minecraft:spruce_log":31,"minecraft:yellow_bed":5,"minecraft:gravel":7,"minecraft:cyan_carpet":28,"minecraft:cobweb":75,"minecraft:chipped_anvil":2,"minecraft:gold_ore":1},"minecraft:crafted":{"minecraft:oak_planks":16,"travelersbackpack:diamond":1,"minecraft:diamond_leggings":1,"minecraft:diamond_helmet":2,"minecraft:bow":1,"minecraft:diamond_axe":1,"minecraft:crafting_table":3,"minecraft:spruce_planks":120,"minecraft:wooden_pickaxe":1,"minecraft:birch_planks":60,"minecraft:diamond_pickaxe":1,"minecraft:stick":112,"morebows:diamond_bow":1,"minecraft:coal":27,"simplyswords:diamond_greathammer":1,"minecraft:iron_nugget":18,"minecraft:flint_and_steel":1,"minecraft:diamond":36,"minecraft:stone_pickaxe":1,"minecraft:dark_oak_planks":148,"minecraft:bucket":2,"minecraft:stone_axe":1,"minecraft:torch":248}},"DataVersion":3465}