{"stats":{"minecraft:dropped":{"minecraft:birch_planks":11,"minecraft:porkchop":1,"minecraft:diamond":39,"minecraft:golden_horse_armor":6,"minecraft:cooked_porkchop":43,"minecraft:diamond_leggings":1,"minecraft:cobblestone":3,"minecraft:saddle":1,"minecraft:spruce_stairs":5,"minecraft:chainmail_helmet":4,"minecraft:coal":3,"minecraft:stick":50,"minecraft:dirt":4,"minecraft:ink_sac":6,"minecraft:torch":129,"minecraft:rose_bush":3,"minecraft:smooth_quartz":15,"minecraft:chainmail_leggings":1,"minecraft:paper":2,"minecraft:string":29,"minecraft:dark_oak_planks":18,"minecraft:spruce_sapling":4,"minecraft:cyan_carpet":12,"minecraft:bone":79,"minecraft:coarse_dirt":2,"minecraft:experience_bottle":64,"minecraft:beetroot":2,"minecraft:rotten_flesh":7,"universal_graves:grave_compass":13,"minecraft:spruce_fence":9,"minecraft:pumpkin_seeds":3,"bosses_of_mass_destruction:soul_star":2,"minecraft:diamond_sword":7,"minecraft:gunpowder":10,"minecraft:diamond_chestplate":2,"minecraft:spruce_planks":3,"minecraft:beetroot_seeds":2,"minecraft:chainmail_boots":1,"minecraft:redstone_torch":2,"minecraft:spider_eye":30,"minecraft:arrow":3,"minecraft:wooden_pickaxe":3,"minecraft:stone_pickaxe":3,"minecraft:dark_prismarine":3},"minecraft:killed_by":{"minecraft:wither_skeleton":24,"minecraft:spider":2,"minecraft:cave_spider":6,"minecraft:skeleton":3,"minecraft:zombie":1},"minecraft:picked_up":{"minecraft:crafting_table":2,"minecraft:coarse_dirt":2,"minecraft:chainmail_boots":1,"morevanillashields:obsidian_shield":2,"minecraft:diamond_sword":31,"minecraft:wooden_pickaxe":2,"minecraft:oak_stairs":4,"minecraft:gold_block":8,"minecraft:enchanted_book":1,"minecraft:string":363,"universal_graves:grave_compass":16,"minecraft:experience_bottle":182,"minecraft:blackstone":237,"minecraft:cyan_carpet":34,"minecraft:beetroot":6,"minecraft:bucket":2,"minecraft:diamond_leggings":3,"simplyswords:runic_tablet":1,"minecraft:cobbled_deepslate":81,"bosses_of_mass_destruction:soul_star":7,"minecraft:spruce_planks":13,"minecraft:rose_bush":3,"minecraft:redstone_torch":2,"minecraft:smooth_quartz":29,"minecraft:enchanted_golden_apple":2,"minecraft:melon_slice":5,"minecraft:coal_block":4,"minecraft:chest":18,"minecraft:egg":1,"minecraft:stick":10,"minecraft:torch":112,"minecraft:spruce_stairs":5,"minecraft:spruce_fence":23,"minecraft:porkchop":1,"minecraft:carrot":1,"minecraft:redstone":3,"minecraft:dark_oak_planks":104,"minecraft:arrow":110,"minecraft:rotten_flesh":20,"minecraft:diamond_chestplate":7,"simplyswords:iron_scythe":1,"minecraft:beetroot_seeds":2,"minecraft:diamond_boots":6,"minecraft:saddle":3,"minecraft:gold_ingot":30,"minecraft:stripped_birch_wood":4,"minecraft:obsidian":2,"adventurez:orc_skin":4,"morebows:diamond_bow":1,"minecraft:rail":3,"minecraft:cobblestone":85,"minecraft:birch_log":9,"minecraft:enchanting_table":1,"minecraft:golden_carrot":72,"minecraft:andesite":21,"minecraft:birch_planks":6,"minecraft:tuff":1,"minecraft:oak_log":4,"minecraft:chainmail_chestplate":1,"minecraft:yellow_bed":5,"minecraft:gunpowder":20,"minecraft:wither_skeleton_skull":9,"minecraft:dirt":8,"minecraft:paper":2,"minecraft:name_tag":1,"minecraft:bone":343,"minecraft:chipped_anvil":5,"minecraft:bow":3,"minecraft:wheat_seeds":2,"minecraft:orange_tulip":2,"minecraft:raw_gold":1,"minecraft:birch_wood":8,"minecraft:iron_ingot":32,"minecraft:grindstone":1,"minecraft:stone_pickaxe":2,"minecraft:diamond_helmet":2,"minecraft:oak_planks":2,"minecraft:book":106,"minecraft:smooth_basalt":8,"minecraft:cooked_porkchop":49,"minecraft:pumpkin":9,"minecraft:spruce_sapling":4,"minecraft:cyan_bed":7,"minecraft:spruce_log":31,"minecraft:diamond_block":5,"morevanillashields:coal_shield":1,"minecraft:spider_eye":98,"minecraft:dark_prismarine":3,"travelersbackpack:standard":5,"simplyswords:diamond_greathammer":1,"minecraft:pumpkin_seeds":6,"minecraft:slime_ball":2,"minecraft:diamond":32,"minecraft:chainmail_leggings":1,"minecraft:diamond_axe":2,"minecraft:golden_apple":6,"minecraft:chainmail_helmet":7,"minecraft:golden_horse_armor":4,"minecraft:bread":63,"minecraft:emerald":75,"minecraft:dark_oak_wood":42,"minecraft:coal":160,"minecraft:diamond_pickaxe":2},"minecraft:broken":{"minecraft:diamond_helmet":1,"minecraft:diamond_boots":1,"minecraft:chainmail_chestplate":1,"minecraft:stone_axe":2},"minecraft:used":{"morebows:diamond_bow":247,"minecraft:chest":12,"minecraft:spruce_planks":114,"minecraft:torch":220,"minecraft:dirt":5,"minecraft:diamond_helmet":1,"minecraft:carrot":3,"minecraft:spruce_fence":1,"minecraft:dark_oak_planks":197,"minecraft:chipped_anvil":2,"minecraft:oak_stairs":4,"minecraft:dark_oak_wood":2,"minecraft:smooth_quartz":7,"simplyswords:diamond_greathammer":4,"minecraft:smooth_basalt":7,"minecraft:bow":17,"minecraft:golden_carrot":69,"simplyswords:iron_scythe":29,"minecraft:egg":1,"minecraft:cobbled_deepslate":17,"minecraft:pumpkin":9,"minecraft:diamond_boots":1,"minecraft:birch_planks":35,"minecraft:stone_pickaxe":33,"minecraft:blackstone":96,"minecraft:wooden_pickaxe":6,"minecraft:diamond_axe":64,"minecraft:golden_apple":6,"minecraft:crafting_table":3,"minecraft:spruce_log":1,"minecraft:diamond_pickaxe":550,"minecraft:apple":6,"minecraft:bread":113,"minecraft:cyan_bed":6,"minecraft:string":3,"minecraft:cyan_carpet":3,"minecraft:stone_axe":124,"minecraft:diamond_sword":2129,"minecraft:coal_block":1,"minecraft:cobblestone":76,"travelersbackpack:standard":16,"minecraft:birch_log":4,"minecraft:yellow_bed":4,"minecraft:diamond_leggings":2,"minecraft:experience_bottle":35},"minecraft:custom":{"minecraft:interact_with_anvil":26,"minecraft:mob_kills":631,"minecraft:interact_with_crafting_table":14,"minecraft:damage_dealt_resisted":35128,"minecraft:leave_game":14,"minecraft:time_since_death":77571,"minecraft:climb_one_cm":10461,"minecraft:sprint_one_cm":815563,"minecraft:walk_one_cm":1002104,"minecraft:drop":135,"minecraft:play_noteblock":3,"minecraft:play_time":299031,"minecraft:sneak_time":15924,"minecraft:deaths":37,"minecraft:walk_under_water_one_cm":16119,"minecraft:jump":4165,"minecraft:walk_on_water_one_cm":44672,"minecraft:total_world_time":299031,"minecraft:interact_with_furnace":1,"minecraft:tune_noteblock":1,"minecraft:sleep_in_bed":3,"minecraft:time_since_rest":7906,"minecraft:damage_taken":23338,"minecraft:damage_absorbed":209,"minecraft:damage_dealt":136793,"minecraft:swim_one_cm":104004,"minecraft:player_kills":1,"minecraft:fly_one_cm":624893,"minecraft:open_chest":96,"minecraft:crouch_one_cm":34460,"minecraft:fall_one_cm":121708},"minecraft:killed":{"minecraft:cave_spider":175,"minecraft:spider":68,"minecraft:skeleton":54,"minecraft:drowned":1,"adventurez:orc":2,"minecraft:pig":1,"minecraft:bat":1,"minecraft:iron_golem":2,"minecraft:creeper":27,"minecraft:pillager":6,"minecraft:zombie":20,"minecraft:wither_skeleton":270,"minecraft:player":1,"minecraft:enderman":1},"minecraft:mined":{"minecraft:dark_oak_planks":45,"minecraft:dark_prismarine":3,"minecraft:tuff":2,"minecraft:spruce_planks":11,"minecraft:obsidian":2,"minecraft:spruce_fence":13,"minecraft:grass_block":1,"minecraft:spruce_leaves":5,"minecraft:spawner":63,"minecraft:magma_block":1,"minecraft:cobbled_deepslate":1,"minecraft:fire":3,"minecraft:andesite":18,"minecraft:pumpkin":9,"minecraft:enchanting_table":1,"minecraft:gold_block":3,"minecraft:bookshelf":2,"minecraft:oak_stairs":4,"minecraft:stone":85,"minecraft:redstone_wall_torch":1,"minecraft:blackstone":335,"minecraft:crafting_table":1,"minecraft:torch":5,"minecraft:dark_oak_wood":34,"minecraft:melon":1,"minecraft:chest":20,"minecraft:rose_bush":1,"minecraft:tall_grass":5,"minecraft:cobblestone":1,"minecraft:birch_wood":9,"minecraft:cyan_bed":6,"minecraft:grindstone":1,"minecraft:wall_torch":3,"minecraft:spruce_stairs":2,"minecraft:birch_planks":1,"minecraft:coarse_dirt":1,"minecraft:birch_log":9,"minecraft:spruce_log":31,"minecraft:orange_tulip":2,"minecraft:yellow_bed":5,"minecraft:grass":11,"minecraft:oak_log":4,"minecraft:cyan_carpet":28,"minecraft:smooth_quartz":12,"minecraft:dirt":5,"minecraft:stripped_birch_wood":2,"minecraft:cobweb":69,"minecraft:smooth_basalt":1,"minecraft:gold_ore":1,"minecraft:chipped_anvil":2,"minecraft:oak_leaves":6,"minecraft:deepslate":43},"minecraft:crafted":{"minecraft:oak_planks":16,"minecraft:coal":27,"simplyswords:diamond_greathammer":1,"minecraft:iron_nugget":18,"travelersbackpack:diamond":1,"minecraft:diamond":36,"minecraft:bow":1,"minecraft:diamond_helmet":2,"minecraft:diamond_leggings":1,"minecraft:stone_pickaxe":1,"minecraft:dark_oak_planks":148,"minecraft:diamond_axe":1,"minecraft:crafting_table":3,"minecraft:spruce_planks":120,"minecraft:wooden_pickaxe":1,"minecraft:birch_planks":60,"minecraft:stone_axe":1,"minecraft:diamond_pickaxe":1,"minecraft:stick":112,"morebows:diamond_bow":1,"minecraft:torch":248}},"DataVersion":3465}