{"stats":{"minecraft:dropped":{"minecraft:birch_planks":11,"minecraft:porkchop":1,"minecraft:diamond":39,"minecraft:golden_horse_armor":6,"minecraft:cooked_porkchop":43,"minecraft:diamond_leggings":1,"minecraft:orange_tulip":2,"minecraft:cobblestone":3,"minecraft:saddle":1,"minecraft:spruce_stairs":5,"minecraft:chainmail_helmet":4,"minecraft:coal":3,"minecraft:stick":50,"minecraft:dirt":4,"minecraft:ink_sac":6,"minecraft:torch":129,"minecraft:rose_bush":3,"minecraft:smooth_quartz":15,"minecraft:iron_door":1,"minecraft:chainmail_leggings":1,"minecraft:paper":2,"minecraft:string":29,"minecraft:dark_oak_planks":18,"minecraft:spruce_sapling":4,"minecraft:cyan_carpet":12,"minecraft:bone":79,"minecraft:coarse_dirt":2,"minecraft:experience_bottle":64,"minecraft:beetroot":2,"minecraft:rotten_flesh":7,"universal_graves:grave_compass":13,"minecraft:spruce_fence":9,"minecraft:pumpkin_seeds":3,"bosses_of_mass_destruction:soul_star":2,"minecraft:diamond_sword":7,"minecraft:gunpowder":11,"minecraft:diamond_chestplate":2,"minecraft:spruce_planks":3,"minecraft:beetroot_seeds":2,"minecraft:chainmail_boots":1,"minecraft:redstone_torch":2,"minecraft:spider_eye":30,"minecraft:iron_bars":1,"minecraft:arrow":3,"minecraft:stone_pickaxe":3,"minecraft:wooden_pickaxe":3,"minecraft:dark_prismarine":3},"minecraft:killed_by":{"minecraft:wither_skeleton":24,"minecraft:spider":2,"minecraft:cave_spider":6,"minecraft:skeleton":3,"minecraft:zombie":1},"minecraft:picked_up":{"minecraft:coarse_dirt":2,"minecraft:crafting_table":2,"minecraft:azure_bluet":1,"minecraft:chainmail_boots":1,"morevanillashields:obsidian_shield":2,"minecraft:diamond_sword":31,"minecraft:wooden_pickaxe":2,"minecraft:oak_stairs":4,"minecraft:gold_block":23,"minecraft:enchanted_book":11,"minecraft:string":365,"minecraft:red_nether_bricks":2,"universal_graves:grave_compass":16,"minecraft:experience_bottle":182,"minecraft:blackstone":238,"minecraft:cyan_carpet":34,"minecraft:beetroot":6,"minecraft:gold_nugget":8,"minecraft:diamond_leggings":3,"simplyswords:runic_tablet":1,"minecraft:cobbled_deepslate":81,"bosses_of_mass_destruction:soul_star":7,"minecraft:bucket":2,"minecraft:spruce_planks":13,"minecraft:rose_bush":3,"minecraft:redstone_torch":3,"minecraft:smooth_quartz":29,"minecraft:enchanted_golden_apple":2,"minecraft:melon_slice":5,"minecraft:coal_block":4,"minecraft:chest":18,"minecraft:egg":1,"minecraft:stick":10,"minecraft:torch":112,"minecraft:spruce_stairs":5,"minecraft:spruce_fence":23,"minecraft:porkchop":1,"minecraft:carrot":1,"minecraft:redstone":3,"minecraft:green_terracotta":1,"minecraft:dark_oak_planks":104,"minecraft:arrow":117,"minecraft:rotten_flesh":22,"minecraft:diamond_chestplate":7,"simplyswords:iron_scythe":1,"minecraft:beetroot_seeds":2,"minecraft:nether_bricks":9,"minecraft:diamond_boots":6,"minecraft:cyan_terracotta":40,"minecraft:iron_bars":1,"minecraft:saddle":3,"minecraft:gold_ingot":30,"minecraft:stripped_birch_wood":4,"minecraft:obsidian":3,"adventurez:orc_skin":6,"morebows:diamond_bow":1,"minecraft:rail":3,"minecraft:cobblestone":89,"minecraft:birch_log":9,"minecraft:enchanting_table":1,"minecraft:basalt":6,"minecraft:golden_carrot":72,"minecraft:iron_door":2,"minecraft:andesite":21,"minecraft:birch_planks":6,"minecraft:flint":1,"minecraft:tuff":1,"minecraft:oak_log":4,"minecraft:chainmail_chestplate":1,"minecraft:yellow_bed":5,"minecraft:gunpowder":20,"minecraft:wither_skeleton_skull":9,"minecraft:gray_concrete":8,"minecraft:dirt":8,"minecraft:paper":2,"minecraft:name_tag":1,"minecraft:bone":343,"minecraft:chipped_anvil":5,"minecraft:bow":3,"minecraft:wheat_seeds":2,"minecraft:orange_tulip":4,"minecraft:raw_gold":1,"minecraft:birch_wood":8,"minecraft:grindstone":1,"minecraft:iron_ingot":32,"minecraft:stone_pickaxe":2,"minecraft:diamond_helmet":2,"minecraft:oak_planks":2,"minecraft:book":106,"minecraft:smooth_basalt":8,"minecraft:cooked_porkchop":49,"minecraft:pumpkin":9,"minecraft:gravel":6,"minecraft:soul_torch":1,"minecraft:spruce_sapling":4,"minecraft:spruce_log":31,"minecraft:cyan_bed":7,"minecraft:diamond_block":5,"morevanillashields:coal_shield":1,"minecraft:spider_eye":98,"minecraft:dark_prismarine":3,"simplyswords:diamond_greathammer":1,"travelersbackpack:standard":5,"minecraft:polished_blackstone_pressure_plate":2,"minecraft:pumpkin_seeds":6,"minecraft:slime_ball":5,"minecraft:diamond":32,"minecraft:cracked_polished_blackstone_bricks":7,"minecraft:crossbow":1,"minecraft:chainmail_leggings":1,"minecraft:diamond_axe":2,"minecraft:golden_apple":6,"minecraft:chainmail_helmet":7,"minecraft:golden_horse_armor":4,"minecraft:emerald":75,"minecraft:bread":63,"minecraft:netherrack":111,"minecraft:dark_oak_wood":42,"minecraft:coal":160,"minecraft:diamond_pickaxe":2},"minecraft:broken":{"minecraft:diamond_helmet":1,"minecraft:diamond_boots":1,"minecraft:chainmail_chestplate":1,"minecraft:stone_axe":2},"minecraft:used":{"minecraft:flint_and_steel":1,"morebows:diamond_bow":436,"minecraft:chest":12,"minecraft:spruce_planks":114,"minecraft:netherrack":106,"minecraft:torch":220,"minecraft:dirt":5,"minecraft:nether_bricks":9,"minecraft:diamond_helmet":1,"minecraft:carrot":3,"minecraft:spruce_fence":1,"minecraft:obsidian":1,"minecraft:dark_oak_planks":197,"minecraft:cyan_terracotta":39,"minecraft:lava_bucket":14,"minecraft:chipped_anvil":2,"minecraft:oak_stairs":4,"minecraft:smooth_quartz":7,"minecraft:dark_oak_wood":2,"simplyswords:diamond_greathammer":4,"minecraft:smooth_basalt":7,"minecraft:basalt":6,"minecraft:golden_carrot":84,"simplyswords:iron_scythe":29,"minecraft:bow":17,"minecraft:egg":1,"minecraft:enchanted_golden_apple":2,"minecraft:pumpkin":9,"minecraft:cobbled_deepslate":17,"minecraft:water_bucket":14,"minecraft:diamond_boots":1,"minecraft:birch_planks":35,"minecraft:stone_pickaxe":33,"minecraft:blackstone":97,"minecraft:wooden_pickaxe":6,"minecraft:diamond_axe":64,"minecraft:golden_apple":6,"minecraft:crafting_table":4,"minecraft:gray_concrete":8,"minecraft:spruce_log":1,"minecraft:diamond_pickaxe":809,"minecraft:apple":6,"minecraft:cracked_polished_blackstone_bricks":7,"minecraft:bread":116,"minecraft:cyan_bed":6,"minecraft:string":3,"minecraft:cyan_carpet":3,"minecraft:gravel":6,"minecraft:stone_axe":124,"minecraft:diamond_sword":2147,"travelersbackpack:standard":16,"minecraft:coal_block":1,"minecraft:cobblestone":80,"minecraft:bucket":29,"minecraft:birch_log":4,"minecraft:yellow_bed":4,"minecraft:diamond_leggings":2,"minecraft:experience_bottle":35},"minecraft:custom":{"minecraft:interact_with_anvil":26,"minecraft:mob_kills":677,"minecraft:interact_with_crafting_table":17,"minecraft:open_barrel":27,"minecraft:damage_dealt_resisted":35719,"minecraft:leave_game":15,"minecraft:time_since_death":113456,"minecraft:damage_resisted":57,"minecraft:climb_one_cm":11178,"minecraft:sprint_one_cm":885664,"minecraft:walk_one_cm":1089716,"minecraft:drop":139,"minecraft:play_noteblock":3,"minecraft:damage_dealt_absorbed":4080,"minecraft:play_time":334916,"minecraft:sneak_time":17772,"minecraft:deaths":37,"minecraft:walk_under_water_one_cm":17968,"minecraft:jump":4958,"minecraft:walk_on_water_one_cm":51632,"minecraft:total_world_time":334916,"minecraft:interact_with_furnace":1,"minecraft:tune_noteblock":1,"minecraft:sleep_in_bed":3,"minecraft:time_since_rest":43791,"minecraft:damage_taken":25367,"minecraft:damage_absorbed":364,"minecraft:damage_dealt":137741,"minecraft:player_kills":1,"minecraft:swim_one_cm":104004,"minecraft:fly_one_cm":718026,"minecraft:open_chest":104,"minecraft:crouch_one_cm":39670,"minecraft:fall_one_cm":150671},"minecraft:killed":{"minecraft:cave_spider":175,"minecraft:zombified_piglin":3,"minecraft:spider":68,"minecraft:slime":3,"minecraft:phantom":1,"minecraft:skeleton":55,"minecraft:drowned":1,"minecraft:piglin_brute":6,"adventurez:piglin_beast":1,"adventurez:orc":4,"minecraft:piglin":14,"minecraft:pig":1,"minecraft:bat":1,"minecraft:iron_golem":2,"minecraft:hoglin":1,"minecraft:creeper":27,"minecraft:pillager":6,"minecraft:zombie":20,"minecraft:wither_skeleton":270,"minecraft:player":1,"minecraft:blaze":12,"minecraft:enderman":1},"minecraft:mined":{"minecraft:dark_oak_planks":45,"minecraft:dark_prismarine":3,"minecraft:tuff":2,"minecraft:spruce_planks":11,"minecraft:red_nether_bricks":2,"minecraft:obsidian":3,"minecraft:nether_bricks":9,"minecraft:spruce_fence":13,"minecraft:grass_block":1,"minecraft:cracked_polished_blackstone_bricks":9,"minecraft:spruce_leaves":5,"minecraft:polished_blackstone_pressure_plate":2,"minecraft:spawner":65,"minecraft:polished_blackstone_bricks":15,"minecraft:magma_block":1,"minecraft:red_nether_brick_stairs":3,"minecraft:fire":4,"minecraft:cobbled_deepslate":1,"minecraft:green_terracotta":1,"minecraft:andesite":18,"minecraft:pumpkin":9,"minecraft:gold_block":19,"minecraft:enchanting_table":1,"minecraft:iron_bars":1,"minecraft:bookshelf":2,"minecraft:oak_stairs":4,"minecraft:stone":88,"minecraft:redstone_wall_torch":2,"minecraft:gray_concrete":9,"minecraft:brown_mushroom":1,"minecraft:cyan_terracotta":42,"minecraft:blackstone":349,"minecraft:basalt":8,"minecraft:crimson_nylium":3,"minecraft:crafting_table":1,"minecraft:torch":5,"minecraft:dark_oak_wood":34,"minecraft:melon":1,"minecraft:chest":20,"minecraft:rose_bush":1,"minecraft:nether_quartz_ore":2,"minecraft:tall_grass":5,"minecraft:birch_wood":9,"minecraft:cobblestone":2,"minecraft:cyan_bed":6,"minecraft:grindstone":1,"minecraft:iron_door":2,"minecraft:wall_torch":3,"minecraft:spruce_stairs":2,"minecraft:birch_planks":1,"minecraft:coarse_dirt":1,"minecraft:birch_log":9,"minecraft:spruce_log":31,"minecraft:orange_tulip":2,"minecraft:yellow_bed":5,"minecraft:grass":12,"minecraft:oak_log":4,"minecraft:cyan_carpet":28,"minecraft:smooth_quartz":12,"minecraft:gravel":7,"minecraft:dirt":5,"minecraft:stripped_birch_wood":2,"minecraft:cobweb":72,"minecraft:smooth_basalt":1,"minecraft:netherrack":113,"minecraft:gold_ore":1,"minecraft:chipped_anvil":2,"minecraft:oak_leaves":6,"minecraft:deepslate":43},"minecraft:crafted":{"minecraft:oak_planks":16,"minecraft:coal":27,"simplyswords:diamond_greathammer":1,"minecraft:iron_nugget":18,"travelersbackpack:diamond":1,"minecraft:flint_and_steel":1,"minecraft:diamond":36,"minecraft:bow":1,"minecraft:diamond_helmet":2,"minecraft:diamond_leggings":1,"minecraft:stone_pickaxe":1,"minecraft:dark_oak_planks":148,"minecraft:diamond_axe":1,"minecraft:crafting_table":3,"minecraft:spruce_planks":120,"minecraft:wooden_pickaxe":1,"minecraft:bucket":2,"minecraft:birch_planks":60,"minecraft:stone_axe":1,"minecraft:diamond_pickaxe":1,"minecraft:stick":112,"morebows:diamond_bow":1,"minecraft:torch":248}},"DataVersion":3465}