{"stats":{"minecraft:dropped":{"minecraft:enchanted_book":1,"minecraft:bread":11,"minecraft:iron_sword":1,"minecraft:porkchop":7,"minecraft:wheat_seeds":5,"minecraft:tnt":4,"minecraft:crossbow":1,"minecraft:leather":1,"minecraft:stick":2,"minecraft:jungle_slab":2,"minecraft:dirt":1,"minecraft:packed_ice":9,"minecraft:wooden_axe":1,"minecraft:iron_leggings":2,"minecraft:gold_nugget":1,"minecraft:glistering_melon_slice":1,"minecraft:iron_pickaxe":1,"minecraft:bucket":1,"minecraft:white_wool":1,"minecraft:cyan_carpet":2,"minecraft:stone_brick_slab":1,"minecraft:anvil":1,"minecraft:iron_nugget":6,"minecraft:obsidian":1,"minecraft:soul_lantern":1,"minecraft:rotten_flesh":8,"universal_graves:grave_compass":8,"minecraft:iron_boots":1,"minecraft:filled_map":1,"minecraft:potato":6,"minecraft:spruce_planks":4,"minecraft:acacia_slab":1,"minecraft:barrel":1,"minecraft:crying_obsidian":1},"minecraft:mined":{"minecraft:diamond_ore":1,"minecraft:crying_obsidian":1,"minecraft:spruce_planks":3,"minecraft:jungle_slab":2,"minecraft:red_nether_bricks":2,"minecraft:grass_block":1,"minecraft:spruce_leaves":2,"minecraft:acacia_slab":3,"minecraft:spawner":12,"minecraft:hay_block":25,"minecraft:carrots":1,"minecraft:barrel":1,"minecraft:stripped_spruce_log":1,"minecraft:stripped_dark_oak_wood":2,"minecraft:potatoes":13,"minecraft:bookshelf":2,"minecraft:packed_ice":120,"minecraft:smooth_quartz_stairs":1,"minecraft:stripped_mangrove_wood":1,"minecraft:white_wool":5,"minecraft:red_bed":8,"minecraft:stone_brick_slab":2,"minecraft:powder_snow":10,"minecraft:oak_fence":2,"minecraft:emerald_ore":1,"minecraft:calcite":6,"minecraft:chest":2,"minecraft:dead_bush":1,"minecraft:cobblestone":14,"minecraft:cyan_bed":1,"minecraft:oak_planks":2,"minecraft:dark_oak_slab":1,"minecraft:light_blue_bed":2,"minecraft:mud":2,"minecraft:blue_ice":2,"minecraft:wheat":5,"minecraft:ice":55,"minecraft:spruce_log":12,"minecraft:stripped_oak_wood":4,"minecraft:tnt":4,"minecraft:grass":3,"minecraft:cyan_carpet":2,"minecraft:dirt":1,"minecraft:cobweb":2,"minecraft:stone_bricks":2,"minecraft:mossy_stone_bricks":1},"minecraft:picked_up":{"minecraft:anvil":1,"minecraft:packed_ice":9,"minecraft:enchanted_book":4,"minecraft:string":2,"minecraft:red_bed":7,"minecraft:iron_leggings":3,"universal_graves:grave_compass":7,"minecraft:cyan_carpet":2,"minecraft:gold_nugget":1,"minecraft:spruce_planks":4,"minecraft:deepslate_diamond_ore":1,"minecraft:beef":2,"minecraft:calcite":6,"minecraft:player_head":1,"minecraft:iron_pickaxe":1,"minecraft:chest":2,"minecraft:iron_boots":1,"minecraft:diamond_ore":1,"minecraft:tipped_arrow":3,"minecraft:stick":2,"minecraft:porkchop":7,"minecraft:carrot":1,"minecraft:light_blue_bed":2,"minecraft:tnt":7,"minecraft:arrow":50,"minecraft:rotten_flesh":20,"minecraft:diamond_boots":1,"minecraft:hay_block":25,"minecraft:stripped_dark_oak_wood":2,"minecraft:glistering_melon_slice":1,"minecraft:gold_ingot":3,"minecraft:obsidian":5,"minecraft:cobblestone":12,"minecraft:snowball":4,"minecraft:white_wool":14,"minecraft:leather":7,"minecraft:powder_snow_bucket":1,"minecraft:potato":19,"minecraft:filled_map":1,"minecraft:dirt":3,"minecraft:bone":13,"minecraft:apple":8,"minecraft:gray_carpet":5,"minecraft:bow":1,"minecraft:wheat_seeds":5,"minecraft:iron_ingot":2,"minecraft:stripped_oak_wood":4,"minecraft:mossy_stone_bricks":1,"minecraft:diamond_helmet":1,"minecraft:iron_sword":1,"minecraft:oak_planks":2,"minecraft:book":3,"minecraft:dark_oak_slab":2,"minecraft:stone_brick_slab":1,"minecraft:stripped_spruce_log":1,"minecraft:cyan_bed":1,"minecraft:spruce_log":12,"minecraft:crying_obsidian":2,"minecraft:jungle_slab":4,"minecraft:barrel":1,"minecraft:diamond":4,"minecraft:spruce_boat":12,"minecraft:soul_lantern":1,"minecraft:crossbow":2,"minecraft:emerald":14,"minecraft:bread":12,"minecraft:acacia_slab":3,"minecraft:ender_pearl":3},"minecraft:killed_by":{"minecraft:husk":4,"minecraft:pillager":9,"minecraft:enderman":1,"minecraft:hoglin":1,"minecraft:skeleton":1,"minecraft:zombie":1},"minecraft:crafted":{"hangglider:glider_framework":1,"minecraft:oak_planks":16,"simplyswords:diamond_greathammer":1,"minecraft:iron_nugget":9,"hangglider:hang_glider":1,"hangglider:glider_wing":2,"minecraft:diamond_leggings":1,"minecraft:spruce_boat":1,"minecraft:dark_oak_planks":8,"minecraft:wheat":117,"minecraft:crafting_table":6,"minecraft:spruce_planks":52,"minecraft:bread":42,"minecraft:diamond_pickaxe":1,"minecraft:stick":24,"minecraft:iron_pickaxe":2,"minecraft:wooden_axe":1,"morevanillashields:diamond_shield":1,"minecraft:diamond_chestplate":1},"minecraft:killed":{"minecraft:vindicator":12,"minecraft:skeleton":10,"minecraft:illusioner":1,"minecraft:piglin_brute":1,"minecraft:piglin":2,"minecraft:husk":15,"minecraft:bat":1,"minecraft:creeper":2,"minecraft:pillager":4,"minecraft:zombie":7,"minecraft:stray":4,"minecraft:cow":4},"minecraft:used":{"minecraft:flint_and_steel":1,"minecraft:spruce_planks":23,"minecraft:chest":2,"minecraft:iron_sword":173,"minecraft:dirt":2,"minecraft:carrot":1,"minecraft:diamond_helmet":1,"minecraft:obsidian":6,"minecraft:spruce_boat":12,"minecraft:wooden_axe":32,"minecraft:acacia_slab":2,"simplyswords:diamond_greathammer":98,"minecraft:light_blue_bed":2,"minecraft:diamond_chestplate":1,"minecraft:bow":10,"minecraft:beef":1,"minecraft:hay_block":12,"minecraft:potato":13,"minecraft:powder_snow_bucket":1,"minecraft:iron_leggings":1,"minecraft:calcite":6,"minecraft:water_bucket":15,"minecraft:oak_planks":2,"minecraft:ender_pearl":3,"minecraft:white_wool":13,"minecraft:tnt":3,"minecraft:crafting_table":6,"minecraft:red_bed":7,"minecraft:crossbow":15,"minecraft:diamond_pickaxe":193,"minecraft:apple":1,"minecraft:crying_obsidian":1,"minecraft:bread":72,"minecraft:iron_pickaxe":33,"minecraft:diamond_ore":1,"minecraft:stone_axe":6,"minecraft:cobblestone":12,"minecraft:bucket":16,"minecraft:diamond_leggings":1},"minecraft:custom":{"minecraft:interact_with_anvil":2,"minecraft:mob_kills":65,"minecraft:interact_with_crafting_table":14,"minecraft:open_barrel":34,"minecraft:time_since_death":51143,"minecraft:climb_one_cm":11789,"minecraft:sprint_one_cm":331186,"minecraft:walk_one_cm":394184,"minecraft:drop":51,"minecraft:talked_to_villager":3,"minecraft:play_time":131583,"minecraft:deaths":19,"minecraft:sneak_time":2739,"minecraft:walk_under_water_one_cm":30996,"minecraft:boat_one_cm":156008,"minecraft:jump":3543,"minecraft:walk_on_water_one_cm":32850,"minecraft:total_world_time":131583,"minecraft:sleep_in_bed":5,"minecraft:time_since_rest":51169,"minecraft:damage_taken":8418,"minecraft:damage_dealt":16845,"minecraft:swim_one_cm":24564,"minecraft:fly_one_cm":911200,"minecraft:open_chest":68,"minecraft:crouch_one_cm":7331,"minecraft:fall_one_cm":80960}},"DataVersion":3465}