{"stats":{"minecraft:picked_up":{"minecraft:birch_log":6,"minecraft:crafting_table":1,"minecraft:coarse_dirt":2,"minecraft:golden_carrot":41,"minecraft:gold_block":5,"minecraft:enchanted_book":1,"minecraft:oak_log":2,"minecraft:chainmail_chestplate":1,"minecraft:gunpowder":10,"minecraft:dirt":1,"minecraft:string":14,"minecraft:paper":2,"universal_graves:grave_compass":2,"minecraft:experience_bottle":182,"minecraft:bone":4,"minecraft:beetroot":2,"minecraft:bow":1,"minecraft:diamond_leggings":1,"simplyswords:runic_tablet":1,"minecraft:spruce_planks":1,"minecraft:iron_ingot":32,"minecraft:smooth_quartz":4,"minecraft:enchanted_golden_apple":1,"minecraft:chest":18,"minecraft:book":39,"minecraft:stick":2,"minecraft:cooked_porkchop":43,"minecraft:spruce_stairs":2,"minecraft:spruce_sapling":3,"minecraft:spruce_log":31,"minecraft:diamond_block":5,"minecraft:redstone":3,"minecraft:dark_prismarine":3,"travelersbackpack:standard":1,"minecraft:pumpkin_seeds":3,"minecraft:arrow":10,"minecraft:diamond_chestplate":4,"minecraft:rotten_flesh":6,"minecraft:diamond":23,"minecraft:beetroot_seeds":2,"minecraft:chainmail_leggings":1,"minecraft:diamond_boots":4,"minecraft:emerald":13,"minecraft:bread":1,"minecraft:saddle":2,"minecraft:golden_apple":6,"minecraft:golden_horse_armor":2,"minecraft:chainmail_helmet":4,"minecraft:gold_ingot":6,"minecraft:coal":6,"minecraft:cobblestone":8},"minecraft:used":{"minecraft:stone_pickaxe":15,"minecraft:chest":2,"minecraft:spruce_planks":106,"minecraft:wooden_pickaxe":6,"minecraft:crafting_table":1,"minecraft:spruce_log":1,"minecraft:apple":6,"minecraft:bread":1,"minecraft:smooth_quartz":1,"minecraft:stone_axe":73,"minecraft:diamond_sword":2,"minecraft:golden_carrot":2},"minecraft:killed":{"minecraft:skeleton":3,"minecraft:wither_skeleton":1},"minecraft:killed_by":{"minecraft:wither_skeleton":2,"minecraft:skeleton":1,"minecraft:zombie":1},"minecraft:custom":{"minecraft:mob_kills":4,"minecraft:interact_with_crafting_table":2,"minecraft:damage_dealt_resisted":127,"minecraft:leave_game":4,"minecraft:time_since_death":12792,"minecraft:time_since_rest":12821,"minecraft:sprint_one_cm":40871,"minecraft:damage_taken":1510,"minecraft:walk_one_cm":59562,"minecraft:drop":19,"minecraft:damage_dealt":958,"minecraft:fly_one_cm":43544,"minecraft:open_chest":21,"minecraft:crouch_one_cm":3203,"minecraft:play_time":23919,"minecraft:deaths":4,"minecraft:sneak_time":855,"minecraft:jump":381,"minecraft:walk_on_water_one_cm":1337,"minecraft:total_world_time":23919,"minecraft:fall_one_cm":4513},"minecraft:crafted":{"minecraft:oak_planks":8,"minecraft:crafting_table":1,"minecraft:spruce_planks":120,"minecraft:wooden_pickaxe":1,"minecraft:stone_axe":1,"minecraft:stick":8,"minecraft:stone_pickaxe":1},"minecraft:dropped":{"minecraft:coarse_dirt":2,"minecraft:cobblestone":2,"universal_graves:grave_compass":3,"minecraft:saddle":1,"minecraft:spruce_stairs":1,"minecraft:chainmail_helmet":2,"minecraft:coal":3,"minecraft:gunpowder":10,"minecraft:ink_sac":6,"minecraft:beetroot_seeds":2,"minecraft:arrow":3,"minecraft:paper":2,"minecraft:spruce_sapling":2,"minecraft:bone":2},"minecraft:mined":{"minecraft:dark_prismarine":3,"minecraft:spruce_planks":1,"minecraft:crafting_table":1,"minecraft:grass_block":1,"minecraft:chest":18,"minecraft:spruce_leaves":5,"minecraft:spawner":6,"minecraft:spruce_stairs":1,"minecraft:coarse_dirt":1,"minecraft:birch_log":6,"minecraft:spruce_log":31,"minecraft:oak_log":2,"minecraft:smooth_quartz":4,"minecraft:stone":8,"minecraft:oak_leaves":2}},"DataVersion":3465}