{"stats":{"minecraft:dropped":{"minecraft:porkchop":1,"minecraft:birch_planks":11,"minecraft:diamond":39,"minecraft:golden_horse_armor":6,"minecraft:cooked_porkchop":43,"minecraft:diamond_leggings":1,"minecraft:cobblestone":3,"minecraft:saddle":1,"minecraft:spruce_stairs":5,"minecraft:chainmail_helmet":4,"minecraft:coal":3,"minecraft:stick":50,"minecraft:dirt":4,"minecraft:ink_sac":6,"minecraft:torch":129,"minecraft:rose_bush":3,"minecraft:smooth_quartz":15,"minecraft:chainmail_leggings":1,"minecraft:paper":2,"minecraft:string":29,"minecraft:dark_oak_planks":18,"minecraft:cyan_carpet":12,"minecraft:spruce_sapling":4,"minecraft:bone":79,"minecraft:coarse_dirt":2,"minecraft:experience_bottle":64,"minecraft:beetroot":2,"minecraft:rotten_flesh":7,"universal_graves:grave_compass":13,"minecraft:spruce_fence":9,"minecraft:pumpkin_seeds":3,"bosses_of_mass_destruction:soul_star":2,"minecraft:diamond_sword":7,"minecraft:gunpowder":10,"minecraft:diamond_chestplate":2,"minecraft:spruce_planks":3,"minecraft:beetroot_seeds":2,"minecraft:chainmail_boots":1,"minecraft:redstone_torch":2,"minecraft:spider_eye":30,"minecraft:arrow":3,"minecraft:wooden_pickaxe":3,"minecraft:stone_pickaxe":3,"minecraft:dark_prismarine":3},"minecraft:killed_by":{"minecraft:wither_skeleton":24,"minecraft:spider":2,"minecraft:cave_spider":6,"minecraft:skeleton":3,"minecraft:zombie":1},"minecraft:picked_up":{"minecraft:crafting_table":2,"minecraft:coarse_dirt":2,"minecraft:chainmail_boots":1,"morevanillashields:obsidian_shield":1,"minecraft:diamond_sword":30,"minecraft:wooden_pickaxe":2,"minecraft:oak_stairs":4,"minecraft:gold_block":8,"minecraft:enchanted_book":1,"minecraft:string":302,"universal_graves:grave_compass":16,"minecraft:experience_bottle":182,"minecraft:blackstone":118,"minecraft:cyan_carpet":34,"minecraft:beetroot":6,"minecraft:diamond_leggings":2,"simplyswords:runic_tablet":1,"minecraft:cobbled_deepslate":22,"bosses_of_mass_destruction:soul_star":7,"minecraft:spruce_planks":13,"minecraft:rose_bush":3,"minecraft:redstone_torch":2,"minecraft:smooth_quartz":26,"minecraft:enchanted_golden_apple":2,"minecraft:melon_slice":5,"minecraft:coal_block":4,"minecraft:chest":18,"minecraft:egg":1,"minecraft:stick":10,"minecraft:torch":108,"minecraft:spruce_stairs":5,"minecraft:spruce_fence":23,"minecraft:porkchop":1,"minecraft:redstone":3,"minecraft:dark_oak_planks":69,"simplyswords:iron_scythe":1,"minecraft:arrow":99,"minecraft:diamond_chestplate":6,"minecraft:rotten_flesh":9,"minecraft:beetroot_seeds":2,"minecraft:diamond_boots":5,"minecraft:saddle":2,"minecraft:gold_ingot":30,"minecraft:obsidian":2,"minecraft:stripped_birch_wood":4,"adventurez:orc_skin":2,"morebows:diamond_bow":1,"minecraft:cobblestone":9,"minecraft:birch_log":9,"minecraft:enchanting_table":1,"minecraft:golden_carrot":72,"minecraft:birch_planks":6,"minecraft:oak_log":2,"minecraft:chainmail_chestplate":1,"minecraft:gunpowder":12,"minecraft:wither_skeleton_skull":9,"minecraft:dirt":4,"minecraft:paper":2,"minecraft:name_tag":1,"minecraft:chipped_anvil":4,"minecraft:bone":338,"minecraft:bow":3,"minecraft:orange_tulip":2,"minecraft:grindstone":1,"minecraft:birch_wood":8,"minecraft:iron_ingot":32,"minecraft:stone_pickaxe":2,"minecraft:diamond_helmet":1,"minecraft:book":42,"minecraft:cooked_porkchop":44,"minecraft:pumpkin":9,"minecraft:spruce_sapling":4,"minecraft:spruce_log":31,"minecraft:cyan_bed":6,"minecraft:diamond_block":5,"minecraft:spider_eye":95,"minecraft:dark_prismarine":3,"simplyswords:diamond_greathammer":1,"travelersbackpack:standard":3,"minecraft:pumpkin_seeds":6,"minecraft:diamond":23,"minecraft:chainmail_leggings":1,"minecraft:diamond_axe":1,"minecraft:golden_apple":6,"minecraft:emerald":75,"minecraft:bread":63,"minecraft:golden_horse_armor":4,"minecraft:chainmail_helmet":7,"minecraft:dark_oak_wood":42,"minecraft:coal":160,"minecraft:diamond_pickaxe":1},"minecraft:broken":{"minecraft:diamond_helmet":1,"minecraft:diamond_boots":1,"minecraft:chainmail_chestplate":1,"minecraft:stone_axe":2},"minecraft:used":{"morebows:diamond_bow":135,"minecraft:chest":12,"minecraft:spruce_planks":114,"minecraft:torch":135,"minecraft:dirt":1,"minecraft:carrot":2,"minecraft:diamond_helmet":1,"minecraft:spruce_fence":1,"minecraft:dark_oak_planks":162,"minecraft:chipped_anvil":2,"minecraft:oak_stairs":4,"minecraft:dark_oak_wood":2,"simplyswords:diamond_greathammer":4,"minecraft:smooth_quartz":7,"simplyswords:iron_scythe":29,"minecraft:golden_carrot":69,"minecraft:bow":17,"minecraft:egg":1,"minecraft:pumpkin":9,"minecraft:diamond_boots":1,"minecraft:birch_planks":35,"minecraft:stone_pickaxe":33,"minecraft:wooden_pickaxe":6,"minecraft:diamond_axe":62,"minecraft:golden_apple":5,"minecraft:crafting_table":2,"minecraft:spruce_log":1,"minecraft:diamond_pickaxe":202,"minecraft:apple":6,"minecraft:cyan_bed":6,"minecraft:bread":80,"minecraft:string":3,"minecraft:cyan_carpet":3,"minecraft:stone_axe":124,"minecraft:diamond_sword":2039,"minecraft:coal_block":1,"travelersbackpack:standard":11,"minecraft:birch_log":4,"minecraft:diamond_leggings":2,"minecraft:experience_bottle":35},"minecraft:custom":{"minecraft:mob_kills":562,"minecraft:interact_with_anvil":26,"minecraft:interact_with_crafting_table":12,"minecraft:damage_dealt_resisted":35128,"minecraft:leave_game":13,"minecraft:time_since_death":11682,"minecraft:climb_one_cm":10461,"minecraft:sprint_one_cm":493206,"minecraft:walk_one_cm":804759,"minecraft:drop":135,"minecraft:play_noteblock":3,"minecraft:play_time":233142,"minecraft:walk_under_water_one_cm":6092,"minecraft:deaths":37,"minecraft:sneak_time":15309,"minecraft:jump":2609,"minecraft:walk_on_water_one_cm":33560,"minecraft:total_world_time":233142,"minecraft:interact_with_furnace":1,"minecraft:tune_noteblock":1,"minecraft:time_since_rest":11711,"minecraft:damage_taken":21930,"minecraft:damage_absorbed":168,"minecraft:damage_dealt":134404,"minecraft:swim_one_cm":47366,"minecraft:fly_one_cm":409342,"minecraft:open_chest":94,"minecraft:crouch_one_cm":32556,"minecraft:fall_one_cm":83363},"minecraft:killed":{"minecraft:cave_spider":166,"minecraft:spider":59,"minecraft:skeleton":37,"minecraft:drowned":1,"adventurez:orc":1,"minecraft:pig":1,"minecraft:iron_golem":2,"minecraft:creeper":6,"minecraft:pillager":6,"minecraft:zombie":9,"minecraft:wither_skeleton":270,"minecraft:enderman":1},"minecraft:mined":{"minecraft:dark_oak_planks":45,"minecraft:dark_prismarine":3,"minecraft:spruce_planks":11,"minecraft:obsidian":2,"minecraft:grass_block":1,"minecraft:spruce_fence":13,"minecraft:spruce_leaves":5,"minecraft:spawner":59,"minecraft:pumpkin":9,"minecraft:enchanting_table":1,"minecraft:gold_block":3,"minecraft:bookshelf":2,"minecraft:oak_stairs":4,"minecraft:stone":8,"minecraft:redstone_wall_torch":1,"minecraft:blackstone":120,"minecraft:crafting_table":1,"minecraft:torch":3,"minecraft:dark_oak_wood":34,"minecraft:melon":1,"minecraft:chest":20,"minecraft:rose_bush":1,"minecraft:tall_grass":1,"minecraft:cobblestone":1,"minecraft:birch_wood":9,"minecraft:cyan_bed":6,"minecraft:grindstone":1,"minecraft:wall_torch":3,"minecraft:spruce_stairs":2,"minecraft:birch_planks":1,"minecraft:coarse_dirt":1,"minecraft:birch_log":9,"minecraft:spruce_log":31,"minecraft:orange_tulip":2,"minecraft:grass":9,"minecraft:oak_log":2,"minecraft:dirt":1,"minecraft:cyan_carpet":28,"minecraft:smooth_quartz":12,"minecraft:stripped_birch_wood":2,"minecraft:cobweb":22,"minecraft:chipped_anvil":2,"minecraft:deepslate":20,"minecraft:oak_leaves":4},"minecraft:crafted":{"minecraft:oak_planks":8,"minecraft:coal":27,"simplyswords:diamond_greathammer":1,"minecraft:iron_nugget":18,"minecraft:diamond":36,"minecraft:diamond_leggings":1,"minecraft:diamond_helmet":2,"minecraft:bow":1,"minecraft:stone_pickaxe":1,"minecraft:dark_oak_planks":148,"minecraft:diamond_axe":1,"minecraft:crafting_table":2,"minecraft:spruce_planks":120,"minecraft:wooden_pickaxe":1,"minecraft:birch_planks":60,"minecraft:stone_axe":1,"minecraft:diamond_pickaxe":1,"minecraft:stick":112,"morebows:diamond_bow":1,"minecraft:torch":248}},"DataVersion":3465}