{"stats":{"minecraft:dropped":{"minecraft:bread":11,"minecraft:porkchop":7,"minecraft:wheat_seeds":5,"minecraft:tnt":4,"minecraft:soul_lantern":1,"minecraft:rotten_flesh":8,"universal_graves:grave_compass":8,"minecraft:stick":2,"minecraft:dirt":1,"minecraft:packed_ice":9,"minecraft:spruce_planks":1,"minecraft:wooden_axe":1,"minecraft:acacia_slab":1,"minecraft:iron_leggings":1,"minecraft:gold_nugget":1,"minecraft:barrel":1,"minecraft:iron_pickaxe":1,"minecraft:cyan_carpet":2},"minecraft:mined":{"minecraft:diamond_ore":1,"minecraft:spruce_planks":1,"minecraft:red_bed":7,"minecraft:red_nether_bricks":2,"minecraft:powder_snow":10,"minecraft:oak_fence":2,"minecraft:calcite":6,"minecraft:grass_block":1,"minecraft:chest":2,"minecraft:dead_bush":1,"minecraft:spruce_leaves":2,"minecraft:acacia_slab":3,"minecraft:oak_planks":2,"minecraft:spawner":10,"minecraft:hay_block":25,"minecraft:dark_oak_slab":1,"minecraft:light_blue_bed":2,"minecraft:carrots":1,"minecraft:ice":5,"minecraft:barrel":1,"minecraft:wheat":5,"minecraft:blue_ice":2,"minecraft:spruce_log":8,"minecraft:tnt":3,"minecraft:stripped_dark_oak_wood":2,"minecraft:bookshelf":2,"minecraft:potatoes":13,"minecraft:cyan_carpet":2,"minecraft:dirt":1,"minecraft:packed_ice":6,"minecraft:smooth_quartz_stairs":1,"minecraft:stripped_mangrove_wood":1},"minecraft:picked_up":{"minecraft:packed_ice":9,"minecraft:powder_snow_bucket":1,"minecraft:potato":13,"minecraft:enchanted_book":3,"minecraft:dirt":3,"minecraft:red_bed":7,"minecraft:iron_leggings":2,"universal_graves:grave_compass":7,"minecraft:bone":2,"minecraft:cyan_carpet":2,"minecraft:apple":8,"minecraft:gray_carpet":5,"minecraft:bow":1,"minecraft:gold_nugget":1,"minecraft:wheat_seeds":5,"minecraft:spruce_planks":1,"minecraft:deepslate_diamond_ore":1,"minecraft:iron_ingot":2,"minecraft:player_head":1,"minecraft:calcite":6,"minecraft:iron_pickaxe":1,"minecraft:diamond_helmet":1,"minecraft:chest":2,"minecraft:oak_planks":2,"minecraft:iron_sword":1,"minecraft:book":3,"minecraft:iron_boots":1,"minecraft:diamond_ore":1,"minecraft:tipped_arrow":1,"minecraft:stick":2,"minecraft:dark_oak_slab":2,"minecraft:porkchop":7,"minecraft:carrot":1,"minecraft:spruce_log":8,"minecraft:light_blue_bed":2,"minecraft:barrel":1,"minecraft:tnt":7,"minecraft:arrow":32,"minecraft:rotten_flesh":20,"minecraft:diamond":4,"minecraft:soul_lantern":1,"minecraft:diamond_boots":1,"minecraft:hay_block":25,"minecraft:crossbow":1,"minecraft:stripped_dark_oak_wood":2,"minecraft:bread":12,"minecraft:gold_ingot":3,"minecraft:emerald":7,"minecraft:acacia_slab":3,"minecraft:obsidian":5,"minecraft:snowball":4,"minecraft:ender_pearl":3},"minecraft:killed_by":{"minecraft:husk":4,"minecraft:hoglin":1,"minecraft:skeleton":1,"minecraft:zombie":1,"minecraft:pillager":9},"minecraft:crafted":{"minecraft:crafting_table":4,"minecraft:spruce_planks":32,"minecraft:bread":42,"minecraft:diamond_leggings":1,"minecraft:stick":12,"minecraft:iron_pickaxe":2,"minecraft:wooden_axe":1,"minecraft:dark_oak_planks":8,"minecraft:diamond_chestplate":1,"minecraft:wheat":117},"minecraft:killed":{"minecraft:husk":15,"minecraft:piglin":2,"minecraft:vindicator":2,"minecraft:bat":1,"minecraft:skeleton":3,"minecraft:pillager":3,"minecraft:zombie":2,"minecraft:stray":1,"minecraft:piglin_brute":1},"minecraft:used":{"minecraft:calcite":6,"minecraft:water_bucket":9,"minecraft:oak_planks":2,"minecraft:chest":2,"minecraft:spruce_planks":7,"minecraft:iron_sword":173,"minecraft:dirt":2,"minecraft:tnt":3,"minecraft:crafting_table":4,"minecraft:red_bed":6,"minecraft:carrot":1,"minecraft:diamond_helmet":1,"minecraft:crossbow":4,"minecraft:obsidian":5,"minecraft:wooden_axe":32,"minecraft:apple":1,"minecraft:acacia_slab":2,"minecraft:bread":34,"minecraft:iron_pickaxe":33,"minecraft:diamond_ore":1,"minecraft:light_blue_bed":2,"minecraft:diamond_chestplate":1,"minecraft:beef":1,"minecraft:hay_block":12,"minecraft:bucket":10,"minecraft:potato":13,"minecraft:powder_snow_bucket":1,"minecraft:diamond_leggings":1,"minecraft:iron_leggings":1},"minecraft:custom":{"minecraft:mob_kills":31,"minecraft:interact_with_crafting_table":8,"minecraft:open_barrel":26,"minecraft:time_since_death":10400,"minecraft:sleep_in_bed":5,"minecraft:climb_one_cm":10309,"minecraft:time_since_rest":4202,"minecraft:sprint_one_cm":174070,"minecraft:damage_taken":6537,"minecraft:walk_one_cm":226246,"minecraft:drop":31,"minecraft:damage_dealt":9348,"minecraft:swim_one_cm":5661,"minecraft:fly_one_cm":361644,"minecraft:open_chest":31,"minecraft:crouch_one_cm":2066,"minecraft:play_time":65583,"minecraft:deaths":18,"minecraft:sneak_time":775,"minecraft:walk_under_water_one_cm":10152,"minecraft:jump":1458,"minecraft:walk_on_water_one_cm":21641,"minecraft:total_world_time":65583,"minecraft:fall_one_cm":33012}},"DataVersion":3465}