{"stats":{"minecraft:dropped":{"minecraft:birch_planks":10,"minecraft:golden_horse_armor":6,"minecraft:cobblestone":2,"minecraft:saddle":1,"minecraft:spruce_stairs":5,"minecraft:chainmail_helmet":3,"minecraft:coal":3,"minecraft:stick":8,"minecraft:dirt":4,"minecraft:ink_sac":6,"minecraft:rose_bush":1,"minecraft:smooth_quartz":12,"minecraft:chainmail_leggings":1,"minecraft:paper":2,"minecraft:string":29,"minecraft:dark_oak_planks":18,"minecraft:cyan_carpet":5,"minecraft:spruce_sapling":4,"minecraft:bone":79,"minecraft:coarse_dirt":2,"minecraft:beetroot":2,"minecraft:rotten_flesh":6,"universal_graves:grave_compass":10,"minecraft:spruce_fence":8,"minecraft:pumpkin_seeds":3,"bosses_of_mass_destruction:soul_star":1,"minecraft:gunpowder":10,"minecraft:spruce_planks":3,"minecraft:beetroot_seeds":2,"minecraft:redstone_torch":1,"minecraft:spider_eye":17,"minecraft:arrow":3,"minecraft:wooden_pickaxe":3,"minecraft:stone_pickaxe":3,"minecraft:dark_prismarine":3},"minecraft:killed_by":{"minecraft:wither_skeleton":19,"minecraft:spider":2,"minecraft:cave_spider":5,"minecraft:skeleton":3,"minecraft:zombie":1},"minecraft:picked_up":{"minecraft:crafting_table":1,"minecraft:coarse_dirt":2,"minecraft:diamond_sword":17,"minecraft:wooden_pickaxe":2,"minecraft:gold_block":5,"minecraft:enchanted_book":1,"minecraft:string":201,"universal_graves:grave_compass":12,"minecraft:experience_bottle":182,"minecraft:cyan_carpet":24,"minecraft:beetroot":4,"minecraft:diamond_leggings":1,"simplyswords:runic_tablet":1,"bosses_of_mass_destruction:soul_star":2,"minecraft:spruce_planks":13,"minecraft:rose_bush":2,"minecraft:redstone_torch":1,"minecraft:smooth_quartz":19,"minecraft:enchanted_golden_apple":1,"minecraft:melon_slice":5,"minecraft:coal_block":4,"minecraft:chest":18,"minecraft:stick":6,"minecraft:torch":1,"minecraft:spruce_stairs":5,"minecraft:spruce_fence":17,"minecraft:redstone":3,"minecraft:dark_oak_planks":51,"minecraft:arrow":31,"minecraft:diamond_chestplate":4,"minecraft:rotten_flesh":6,"minecraft:beetroot_seeds":2,"minecraft:diamond_boots":4,"minecraft:saddle":2,"minecraft:gold_ingot":6,"minecraft:cobblestone":8,"minecraft:birch_log":9,"minecraft:golden_carrot":41,"minecraft:birch_planks":5,"minecraft:oak_log":2,"minecraft:chainmail_chestplate":1,"minecraft:gunpowder":10,"minecraft:wither_skeleton_skull":5,"minecraft:dirt":3,"minecraft:paper":2,"minecraft:bone":164,"minecraft:bow":1,"minecraft:birch_wood":2,"minecraft:iron_ingot":32,"minecraft:stone_pickaxe":2,"minecraft:book":39,"minecraft:cooked_porkchop":43,"minecraft:pumpkin":9,"minecraft:spruce_sapling":4,"minecraft:spruce_log":31,"minecraft:cyan_bed":3,"minecraft:diamond_block":5,"minecraft:spider_eye":54,"minecraft:dark_prismarine":3,"travelersbackpack:standard":1,"minecraft:pumpkin_seeds":6,"minecraft:diamond":23,"minecraft:chainmail_leggings":1,"minecraft:golden_apple":6,"minecraft:emerald":13,"minecraft:bread":1,"minecraft:golden_horse_armor":4,"minecraft:chainmail_helmet":5,"minecraft:dark_oak_wood":7,"minecraft:coal":61},"minecraft:broken":{"minecraft:chainmail_chestplate":1,"minecraft:stone_axe":1},"minecraft:used":{"morebows:diamond_bow":9,"minecraft:chest":12,"minecraft:spruce_planks":114,"minecraft:torch":46,"minecraft:spruce_fence":1,"minecraft:dark_oak_planks":53,"simplyswords:diamond_greathammer":4,"minecraft:smooth_quartz":7,"simplyswords:iron_scythe":29,"minecraft:golden_carrot":23,"minecraft:bow":17,"minecraft:pumpkin":9,"minecraft:birch_planks":3,"minecraft:stone_pickaxe":33,"minecraft:wooden_pickaxe":6,"minecraft:diamond_axe":2,"minecraft:golden_apple":4,"minecraft:crafting_table":1,"minecraft:spruce_log":1,"minecraft:diamond_pickaxe":10,"minecraft:apple":6,"minecraft:cyan_bed":3,"minecraft:bread":42,"minecraft:string":3,"minecraft:cyan_carpet":3,"minecraft:stone_axe":120,"minecraft:diamond_sword":1131,"minecraft:coal_block":1,"minecraft:birch_log":4,"minecraft:diamond_leggings":1},"minecraft:custom":{"minecraft:mob_kills":307,"minecraft:interact_with_anvil":6,"minecraft:interact_with_crafting_table":9,"minecraft:damage_dealt_resisted":18092,"minecraft:leave_game":13,"minecraft:time_since_death":4078,"minecraft:climb_one_cm":10449,"minecraft:sprint_one_cm":236716,"minecraft:walk_one_cm":456630,"minecraft:drop":88,"minecraft:play_noteblock":1,"minecraft:play_time":137142,"minecraft:deaths":30,"minecraft:sneak_time":8840,"minecraft:jump":1034,"minecraft:walk_on_water_one_cm":1337,"minecraft:total_world_time":137142,"minecraft:tune_noteblock":1,"minecraft:time_since_rest":4224,"minecraft:damage_taken":13151,"minecraft:damage_absorbed":128,"minecraft:damage_dealt":73604,"minecraft:fly_one_cm":132630,"minecraft:open_chest":58,"minecraft:crouch_one_cm":19490,"minecraft:fall_one_cm":33596},"minecraft:killed":{"minecraft:cave_spider":111,"minecraft:spider":36,"minecraft:skeleton":16,"minecraft:wither_skeleton":142},"minecraft:mined":{"minecraft:dark_oak_planks":28,"minecraft:dark_prismarine":3,"minecraft:spruce_planks":11,"minecraft:grass_block":1,"minecraft:spruce_fence":7,"minecraft:spruce_leaves":5,"minecraft:spawner":31,"minecraft:pumpkin":9,"minecraft:stone":8,"minecraft:redstone_wall_torch":1,"minecraft:crafting_table":1,"minecraft:torch":1,"minecraft:dark_oak_wood":5,"minecraft:melon":1,"minecraft:chest":20,"minecraft:birch_wood":2,"minecraft:cyan_bed":3,"minecraft:spruce_stairs":2,"minecraft:coarse_dirt":1,"minecraft:birch_log":9,"minecraft:spruce_log":31,"minecraft:oak_log":2,"minecraft:cyan_carpet":17,"minecraft:smooth_quartz":5,"minecraft:cobweb":4,"minecraft:oak_leaves":4},"minecraft:crafted":{"minecraft:oak_planks":8,"minecraft:coal":27,"simplyswords:diamond_greathammer":1,"minecraft:iron_nugget":18,"minecraft:diamond_helmet":1,"minecraft:bow":1,"minecraft:stone_pickaxe":1,"minecraft:dark_oak_planks":28,"minecraft:diamond_axe":1,"minecraft:crafting_table":1,"minecraft:spruce_planks":120,"minecraft:wooden_pickaxe":1,"minecraft:birch_planks":28,"minecraft:stone_axe":1,"minecraft:diamond_pickaxe":1,"minecraft:stick":64,"morebows:diamond_bow":1,"minecraft:torch":72}},"DataVersion":3465}