{"stats":{"minecraft:dropped":{"minecraft:iron_sword":2,"minecraft:piston":2,"minecraft:birch_planks":12,"minecraft:porkchop":7,"minecraft:oak_log":3,"minecraft:diamond":5,"minecraft:dark_oak_slab":2,"minecraft:stripped_birch_wood":1,"minecraft:crossbow":1,"minecraft:rooted_dirt":2,"minecraft:leather":1,"minecraft:saddle":1,"minecraft:birch_slab":6,"minecraft:gold_block":12,"minecraft:flint":15,"minecraft:cod":1,"minecraft:red_carpet":6,"minecraft:cracked_polished_blackstone_bricks":4,"minecraft:dirt":20,"minecraft:packed_ice":9,"minecraft:gold_nugget":4,"minecraft:bone_block":1,"minecraft:sand":7,"minecraft:polished_blackstone_bricks":6,"minecraft:glistering_melon_slice":1,"minecraft:iron_pickaxe":2,"minecraft:birch_log":2,"minecraft:white_wool":1,"minecraft:cyan_carpet":2,"minecraft:bone":5,"minecraft:gravel":3,"minecraft:dark_oak_door":5,"minecraft:stone_axe":1,"minecraft:blackstone":1,"minecraft:ancient_debris":4,"minecraft:lever":1,"minecraft:iron_nugget":6,"minecraft:cobbled_deepslate":18,"minecraft:wheat":6,"morevanillashields:diamond_shield":1,"minecraft:obsidian":1,"minecraft:soul_lantern":1,"minecraft:purple_banner":1,"immersive_melodies:flute":1,"minecraft:rotten_flesh":28,"universal_graves:grave_compass":9,"minecraft:oak_planks":1,"minecraft:azure_bluet":1,"minecraft:salmon":1,"minecraft:gunpowder":18,"minecraft:skeleton_skull":4,"minecraft:acacia_slab":1,"minecraft:azalea":4,"simplyswords:diamond_greathammer":1,"minecraft:arrow":2,"minecraft:crying_obsidian":1,"minecraft:enchanted_book":3,"minecraft:iron_ingot":34,"minecraft:bread":17,"minecraft:wheat_seeds":5,"minecraft:tnt":4,"minecraft:diamond_leggings":1,"minecraft:feather":3,"minecraft:book":7,"minecraft:apple":14,"minecraft:spruce_stairs":3,"minecraft:stick":23,"minecraft:iron_block":1,"minecraft:jungle_slab":2,"minecraft:wooden_axe":1,"minecraft:smooth_quartz":1,"minecraft:diamond_helmet":1,"minecraft:iron_leggings":3,"minecraft:string":7,"minecraft:bucket":2,"minecraft:stone_brick_slab":1,"minecraft:redstone":3,"minecraft:anvil":1,"minecraft:moss_carpet":8,"minecraft:soul_soil":1,"minecraft:oak_trapdoor":2,"minecraft:soul_torch":1,"minecraft:iron_boots":1,"minecraft:spruce_fence":2,"minecraft:flint_and_steel":2,"minecraft:filled_map":2,"minecraft:potato":6,"minecraft:spruce_boat":1,"minecraft:spruce_planks":14,"minecraft:quartz_stairs":4,"minecraft:mossy_stone_bricks":4,"minecraft:barrel":1,"minecraft:bow":2,"minecraft:magma_cream":2,"simplyswords:iron_greathammer":1},"minecraft:mined":{"minecraft:stripped_warped_stem":1,"minecraft:spruce_planks":3,"minecraft:jungle_slab":2,"minecraft:red_nether_bricks":2,"minecraft:grass_block":7,"minecraft:cracked_polished_blackstone_bricks":91,"minecraft:soul_soil":5,"minecraft:chiseled_stone_bricks":1,"minecraft:gilded_blackstone":1,"minecraft:spawner":23,"minecraft:polished_blackstone_bricks":152,"minecraft:warped_pressure_plate":1,"minecraft:cobbled_deepslate":1,"minecraft:iron_ore":3,"minecraft:barrel":1,"minecraft:anvil":3,"minecraft:stripped_dark_oak_wood":2,"minecraft:quartz_slab":2,"minecraft:azalea":1,"minecraft:stripped_mangrove_wood":1,"minecraft:deepslate_redstone_ore":1,"minecraft:soul_wall_torch":1,"minecraft:red_bed":8,"minecraft:blackstone":71,"minecraft:kelp_plant":1,"minecraft:soul_fire":7,"minecraft:powder_snow":10,"minecraft:calcite":12,"minecraft:chest":2,"minecraft:dead_bush":1,"minecraft:cobblestone":14,"minecraft:cyan_bed":4,"minecraft:oak_planks":2,"minecraft:damaged_anvil":1,"minecraft:dark_oak_slab":2,"minecraft:mud":2,"minecraft:warped_planks":1,"minecraft:birch_log":7,"minecraft:wheat":5,"minecraft:blue_ice":2,"minecraft:stripped_oak_wood":4,"minecraft:tnt":13,"minecraft:grass":7,"minecraft:oak_log":11,"minecraft:smooth_quartz":1,"minecraft:sand":32,"minecraft:dirt":24,"minecraft:stripped_birch_wood":2,"minecraft:smooth_basalt":5,"minecraft:netherrack":74,"minecraft:oak_leaves":3,"minecraft:deepslate":137,"minecraft:suspicious_gravel":2,"minecraft:tuff":25,"minecraft:diamond_ore":1,"minecraft:crying_obsidian":1,"minecraft:quartz_stairs":2,"minecraft:deepslate_diamond_ore":7,"minecraft:dark_oak_log":8,"minecraft:spruce_leaves":2,"minecraft:acacia_slab":3,"minecraft:kelp":1,"minecraft:sandstone":1,"minecraft:hay_block":47,"minecraft:carrots":1,"minecraft:polished_basalt":8,"minecraft:andesite":56,"minecraft:stripped_spruce_log":1,"minecraft:gold_block":42,"minecraft:bookshelf":2,"minecraft:potatoes":13,"minecraft:lantern":1,"minecraft:warped_stem":2,"minecraft:packed_ice":247,"minecraft:smooth_quartz_stairs":1,"minecraft:stone":213,"minecraft:bone_block":7,"minecraft:white_wool":8,"minecraft:soul_sand":1,"minecraft:soul_torch":1,"minecraft:basalt":8,"minecraft:stone_brick_slab":2,"minecraft:oak_fence":2,"minecraft:crafting_table":1,"minecraft:emerald_ore":1,"minecraft:copper_ore":2,"minecraft:polished_blackstone_brick_stairs":4,"minecraft:blue_bed":1,"minecraft:birch_planks":3,"minecraft:light_blue_bed":2,"minecraft:stripped_spruce_wood":3,"minecraft:ice":55,"minecraft:spruce_log":17,"minecraft:coal_ore":8,"minecraft:gravel":12,"minecraft:cyan_carpet":2,"minecraft:gray_carpet":1,"minecraft:cobweb":2,"minecraft:stone_bricks":4,"minecraft:mossy_stone_bricks":2},"minecraft:picked_up":{"minecraft:wheat":13,"minecraft:anvil":4,"minecraft:enchanted_book":5,"minecraft:string":7,"minecraft:soul_soil":3,"minecraft:iron_leggings":3,"universal_graves:grave_compass":7,"minecraft:purple_banner":1,"minecraft:gold_nugget":4,"minecraft:cobbled_deepslate":120,"bosses_of_mass_destruction:soul_star":2,"minecraft:bucket":1,"minecraft:spruce_planks":7,"minecraft:calcite":6,"minecraft:azalea":4,"minecraft:smooth_quartz":1,"minecraft:iron_pickaxe":1,"minecraft:dark_oak_door":1,"minecraft:iron_boots":1,"minecraft:diamond_ore":1,"minecraft:tipped_arrow":3,"minecraft:stick":2,"minecraft:spruce_stairs":3,"minecraft:porkchop":7,"minecraft:rotten_flesh":47,"minecraft:iron_block":1,"minecraft:stripped_birch_wood":2,"minecraft:obsidian":5,"minecraft:cod":1,"minecraft:snowball":4,"minecraft:cobblestone":41,"minecraft:birch_log":9,"minecraft:feather":3,"minecraft:cooked_beef":2,"minecraft:magma_cream":2,"minecraft:birch_slab":6,"minecraft:powder_snow_bucket":1,"minecraft:potato":19,"minecraft:flint":15,"minecraft:stripped_spruce_wood":3,"minecraft:dirt":35,"minecraft:bone":23,"minecraft:bow":3,"minecraft:wheat_seeds":5,"minecraft:mossy_stone_bricks":4,"minecraft:diamond_helmet":2,"minecraft:oak_planks":2,"minecraft:sand":34,"minecraft:stripped_spruce_log":1,"simplyswords:iron_greathammer":1,"minecraft:cyan_bed":4,"minecraft:grass_block":1,"minecraft:jungle_slab":4,"minecraft:dark_oak_log":8,"minecraft:barrel":1,"morevanillashields:diamond_shield":1,"minecraft:diamond":22,"minecraft:spruce_boat":14,"minecraft:soul_lantern":1,"minecraft:lever":4,"minecraft:cracked_polished_blackstone_bricks":69,"minecraft:crossbow":2,"minecraft:bread":12,"minecraft:emerald":25,"minecraft:rooted_dirt":2,"minecraft:netherrack":77,"minecraft:crafting_table":1,"minecraft:azure_bluet":1,"minecraft:packed_ice":9,"minecraft:gold_block":40,"minecraft:oak_trapdoor":2,"minecraft:red_bed":7,"minecraft:moss_carpet":8,"minecraft:flint_and_steel":1,"minecraft:blackstone":30,"minecraft:cyan_carpet":2,"minecraft:stripped_warped_stem":1,"minecraft:deepslate_diamond_ore":1,"minecraft:beef":17,"minecraft:player_head":1,"minecraft:chest":2,"minecraft:quartz_stairs":10,"minecraft:egg":4,"minecraft:spruce_fence":2,"minecraft:polished_blackstone_bricks":32,"minecraft:carrot":1,"minecraft:redstone":9,"minecraft:light_blue_bed":2,"minecraft:tnt":15,"minecraft:arrow":132,"minecraft:diamond_boots":1,"minecraft:hay_block":47,"minecraft:stripped_dark_oak_wood":2,"minecraft:glistering_melon_slice":1,"minecraft:gold_ingot":3,"minecraft:bone_block":1,"minecraft:white_wool":17,"minecraft:skeleton_skull":2,"minecraft:salmon":1,"minecraft:leather":15,"minecraft:filled_map":1,"minecraft:birch_planks":13,"minecraft:oak_log":14,"minecraft:ancient_debris":2,"minecraft:gunpowder":20,"minecraft:blue_bed":1,"travelersbackpack:sheep":1,"minecraft:red_carpet":6,"minecraft:stone_bricks":1,"minecraft:apple":37,"minecraft:gray_carpet":5,"minecraft:warped_stem":2,"minecraft:iron_ingot":2,"minecraft:stripped_oak_wood":4,"minecraft:soul_sand":1,"minecraft:iron_sword":1,"minecraft:book":3,"minecraft:dark_oak_slab":4,"minecraft:smooth_basalt":5,"minecraft:stone_brick_slab":1,"minecraft:gravel":4,"minecraft:soul_torch":1,"minecraft:spruce_log":17,"minecraft:crying_obsidian":2,"simplyswords:diamond_greathammer":1,"minecraft:oak_wood":1,"minecraft:iron_helmet":1,"minecraft:damaged_anvil":1,"minecraft:acacia_slab":3,"minecraft:ender_pearl":3},"minecraft:killed_by":{"minecraft:piglin_brute":1,"minecraft:pillager":9,"minecraft:zombie":1,"minecraft:husk":5,"minecraft:enderman":1,"minecraft:hoglin":1,"minecraft:skeleton":1},"minecraft:crafted":{"minecraft:oak_planks":64,"hangglider:hang_glider":1,"minecraft:mangrove_boat":2,"minecraft:lever":3,"travelersbackpack:diamond":1,"minecraft:warped_planks":8,"minecraft:dark_oak_door":6,"minecraft:diamond_leggings":1,"minecraft:chest":4,"minecraft:diamond_axe":1,"minecraft:crafting_table":13,"minecraft:spruce_planks":84,"travelersbackpack:standard":1,"minecraft:smithing_table":1,"minecraft:birch_planks":24,"minecraft:diamond_pickaxe":1,"minecraft:stick":44,"minecraft:iron_pickaxe":2,"minecraft:iron_block":3,"minecraft:netherite_ingot":1,"morebows:diamond_bow":1,"minecraft:shears":1,"hangglider:glider_framework":1,"simplyswords:diamond_greathammer":1,"minecraft:mangrove_chest_boat":1,"minecraft:iron_nugget":9,"minecraft:furnace":1,"minecraft:piston":3,"hangglider:glider_wing":2,"immersive_melodies:piano":1,"minecraft:spruce_boat":2,"minecraft:dark_oak_planks":40,"minecraft:wheat":302,"minecraft:bread":106,"minecraft:golden_apple":9,"minecraft:wooden_axe":1,"minecraft:anvil":1,"minecraft:note_block":3,"morevanillashields:diamond_shield":2,"minecraft:diamond_chestplate":1},"minecraft:used":{"minecraft:chest":5,"minecraft:iron_sword":173,"minecraft:quartz_stairs":6,"minecraft:soul_sand":1,"minecraft:carrot":1,"minecraft:obsidian":6,"minecraft:spruce_boat":14,"minecraft:quartz_block":32,"minecraft:light_blue_bed":2,"minecraft:bow":12,"minecraft:hay_block":12,"minecraft:furnace":1,"minecraft:egg":2,"minecraft:potato":13,"minecraft:diamond_boots":1,"minecraft:oak_planks":2,"minecraft:blackstone":29,"minecraft:ender_pearl":3,"minecraft:blue_bed":1,"minecraft:diamond_axe":5,"minecraft:white_wool":16,"minecraft:golden_apple":6,"simplyswords:diamond_greataxe":2,"minecraft:crossbow":15,"minecraft:lever":4,"minecraft:crying_obsidian":1,"minecraft:cyan_bed":3,"minecraft:bread":161,"minecraft:diamond_ore":1,"minecraft:smithing_table":1,"minecraft:flint_and_steel":3,"minecraft:mangrove_chest_boat":1,"morebows:diamond_bow":367,"minecraft:stripped_warped_stem":1,"minecraft:spruce_planks":23,"minecraft:stripped_birch_wood":1,"minecraft:netherrack":75,"minecraft:dirt":15,"minecraft:anvil":3,"minecraft:diamond_helmet":1,"minecraft:dark_oak_planks":5,"minecraft:wooden_axe":32,"minecraft:acacia_slab":2,"simplyswords:diamond_greathammer":431,"minecraft:smooth_basalt":5,"minecraft:diamond_chestplate":1,"minecraft:beef":1,"minecraft:soul_soil":2,"morevanillashields:diamond_shield":69,"minecraft:cooked_beef":2,"minecraft:cobbled_deepslate":33,"minecraft:powder_snow_bucket":1,"minecraft:iron_leggings":1,"minecraft:calcite":6,"travelersbackpack:sheep":1,"minecraft:water_bucket":27,"minecraft:birch_planks":4,"minecraft:polished_blackstone_bricks":18,"minecraft:tnt":13,"minecraft:crafting_table":14,"minecraft:red_bed":7,"minecraft:warped_planks":8,"minecraft:dark_oak_door":2,"minecraft:piston":1,"minecraft:diamond_pickaxe":1328,"minecraft:apple":4,"minecraft:cracked_polished_blackstone_bricks":65,"minecraft:iron_pickaxe":33,"minecraft:stone_axe":20,"minecraft:cobblestone":26,"minecraft:bucket":30,"minecraft:diamond_leggings":1},"minecraft:killed":{"minecraft:witch":1,"minecraft:spider":7,"minecraft:skeleton":34,"minecraft:illusioner":1,"minecraft:piglin_brute":22,"minecraft:magma_cube":36,"minecraft:parrot":1,"minecraft:piglin":31,"minecraft:creeper":7,"minecraft:pillager":27,"minecraft:zombie":45,"minecraft:stray":5,"minecraft:cow":11,"minecraft:vindicator":20,"minecraft:drowned":1,"minecraft:husk":16,"minecraft:bat":1,"minecraft:wandering_trader":1,"minecraft:hoglin":5,"minecraft:polar_bear":2,"minecraft:enderman":6},"minecraft:custom":{"minecraft:interact_with_crafting_table":49,"minecraft:open_barrel":122,"minecraft:leave_game":5,"minecraft:time_since_death":51917,"minecraft:sprint_one_cm":654626,"minecraft:damage_blocked_by_shield":1855,"minecraft:drop":193,"minecraft:talked_to_villager":4,"minecraft:play_time":323955,"minecraft:deaths":21,"minecraft:jump":7288,"minecraft:walk_on_water_one_cm":65807,"minecraft:interact_with_furnace":1,"minecraft:sleep_in_bed":10,"minecraft:damage_dealt":42290,"minecraft:crouch_one_cm":26724,"minecraft:inspect_dispenser":1,"minecraft:interact_with_smithing_table":1,"minecraft:mob_kills":293,"minecraft:interact_with_anvil":9,"minecraft:interact_with_campfire":2,"minecraft:climb_one_cm":20618,"minecraft:walk_one_cm":882733,"minecraft:sneak_time":8083,"minecraft:walk_under_water_one_cm":73727,"minecraft:boat_one_cm":615051,"minecraft:total_world_time":323955,"minecraft:time_since_rest":7884,"minecraft:damage_taken":14121,"minecraft:damage_absorbed":233,"minecraft:swim_one_cm":201251,"minecraft:fly_one_cm":1596509,"minecraft:open_chest":155,"minecraft:fall_one_cm":191097}},"DataVersion":3465}