{"stats":{"minecraft:dropped":{"minecraft:bread":11,"minecraft:wheat_seeds":5,"minecraft:tnt":4,"minecraft:soul_lantern":1,"minecraft:rotten_flesh":2,"minecraft:dirt":1,"minecraft:packed_ice":9,"minecraft:spruce_planks":1,"minecraft:gold_nugget":1,"minecraft:barrel":1},"minecraft:mined":{"minecraft:spruce_planks":1,"minecraft:red_bed":4,"minecraft:powder_snow":10,"minecraft:grass_block":1,"minecraft:chest":2,"minecraft:dead_bush":1,"minecraft:spawner":4,"minecraft:hay_block":25,"minecraft:dark_oak_slab":1,"minecraft:light_blue_bed":2,"minecraft:carrots":1,"minecraft:ice":5,"minecraft:barrel":1,"minecraft:wheat":5,"minecraft:blue_ice":2,"minecraft:spruce_log":5,"minecraft:tnt":3,"minecraft:potatoes":13,"minecraft:cyan_carpet":2,"minecraft:packed_ice":1},"minecraft:picked_up":{"minecraft:packed_ice":9,"minecraft:powder_snow_bucket":1,"minecraft:potato":13,"minecraft:enchanted_book":3,"minecraft:dirt":2,"minecraft:red_bed":4,"minecraft:iron_leggings":2,"minecraft:cyan_carpet":2,"minecraft:apple":8,"minecraft:bow":1,"minecraft:gold_nugget":1,"minecraft:wheat_seeds":5,"minecraft:spruce_planks":1,"minecraft:deepslate_diamond_ore":1,"minecraft:iron_ingot":2,"minecraft:diamond_helmet":1,"minecraft:chest":2,"minecraft:iron_sword":1,"minecraft:iron_boots":1,"minecraft:diamond_ore":1,"minecraft:tipped_arrow":1,"minecraft:stick":2,"minecraft:dark_oak_slab":2,"minecraft:carrot":1,"minecraft:spruce_log":5,"minecraft:light_blue_bed":2,"minecraft:barrel":1,"minecraft:tnt":7,"minecraft:arrow":23,"minecraft:rotten_flesh":13,"minecraft:diamond":3,"minecraft:soul_lantern":1,"minecraft:diamond_boots":1,"minecraft:hay_block":25,"minecraft:crossbow":1,"minecraft:bread":12,"minecraft:gold_ingot":3,"minecraft:emerald":5,"minecraft:obsidian":5,"minecraft:snowball":4,"minecraft:ender_pearl":3},"minecraft:killed_by":{"minecraft:husk":4,"minecraft:pillager":1},"minecraft:crafted":{"minecraft:crafting_table":2,"minecraft:spruce_planks":20,"minecraft:bread":42,"minecraft:stick":4,"minecraft:iron_pickaxe":1,"minecraft:wooden_axe":1,"minecraft:wheat":117},"minecraft:killed":{"minecraft:husk":10,"minecraft:piglin":2,"minecraft:vindicator":1,"minecraft:pillager":3,"minecraft:piglin_brute":1},"minecraft:used":{"minecraft:water_bucket":9,"minecraft:chest":2,"minecraft:spruce_planks":7,"minecraft:iron_sword":97,"minecraft:dirt":1,"minecraft:tnt":3,"minecraft:crafting_table":2,"minecraft:red_bed":3,"minecraft:carrot":1,"minecraft:diamond_helmet":1,"minecraft:crossbow":4,"minecraft:wooden_axe":22,"minecraft:apple":1,"minecraft:bread":23,"minecraft:iron_pickaxe":8,"minecraft:light_blue_bed":2,"minecraft:hay_block":12,"minecraft:bucket":9,"minecraft:potato":13,"minecraft:powder_snow_bucket":1},"minecraft:custom":{"minecraft:mob_kills":17,"minecraft:interact_with_crafting_table":3,"minecraft:open_barrel":12,"minecraft:time_since_death":941,"minecraft:sleep_in_bed":3,"minecraft:climb_one_cm":4478,"minecraft:time_since_rest":964,"minecraft:sprint_one_cm":108993,"minecraft:damage_taken":2823,"minecraft:walk_one_cm":146151,"minecraft:drop":14,"minecraft:damage_dealt":5716,"minecraft:swim_one_cm":1701,"minecraft:fly_one_cm":239004,"minecraft:open_chest":22,"minecraft:crouch_one_cm":1149,"minecraft:play_time":41583,"minecraft:deaths":6,"minecraft:sneak_time":443,"minecraft:walk_under_water_one_cm":8190,"minecraft:jump":1060,"minecraft:walk_on_water_one_cm":13151,"minecraft:total_world_time":41583,"minecraft:fall_one_cm":20250}},"DataVersion":3465}