{"stats":{"minecraft:dropped":{"minecraft:dark_oak_stairs":1,"minecraft:wheat_seeds":3,"minecraft:golden_helmet":1,"minecraft:diamond":1,"minecraft:rooted_dirt":2,"minecraft:grass_block":1,"minecraft:red_mushroom":2,"minecraft:stick":6,"minecraft:dirt":2,"minecraft:diorite":1,"minecraft:iron_leggings":1,"minecraft:wooden_sword":1,"minecraft:sand":9,"minecraft:string":1,"minecraft:white_wool":1,"minecraft:cyan_carpet":9,"minecraft:spruce_sapling":1,"minecraft:redstone":1,"minecraft:nether_brick_slab":3,"minecraft:coarse_dirt":1,"minecraft:carrot":3,"bosses_of_mass_destruction:soul_star":1,"minecraft:potato":1,"minecraft:gunpowder":10,"minecraft:peony":1,"minecraft:spruce_planks":2,"minecraft:iron_chestplate":1,"minecraft:azalea":1,"minecraft:stone_pickaxe":1},"minecraft:mined":{"minecraft:dark_oak_planks":2,"minecraft:spruce_planks":9,"minecraft:red_nether_bricks":5,"minecraft:cave_vines_plant":3,"minecraft:purple_terracotta":1,"minecraft:red_sand":1,"minecraft:grass_block":1,"minecraft:spruce_leaves":24,"minecraft:rooted_dirt":2,"minecraft:spawner":1,"minecraft:large_fern":3,"minecraft:hay_block":43,"minecraft:furnace":2,"minecraft:carrots":1,"minecraft:iron_ore":11,"minecraft:waxed_oxidized_cut_copper_slab":1,"minecraft:peony":1,"minecraft:potatoes":11,"minecraft:cave_vines":1,"minecraft:packed_ice":1,"minecraft:smooth_quartz_stairs":1,"minecraft:azalea":1,"minecraft:stripped_mangrove_wood":4,"minecraft:stone":38,"minecraft:spruce_slab":5,"minecraft:powder_snow":5,"minecraft:crafting_table":9,"minecraft:calcite":11,"minecraft:dead_bush":7,"minecraft:nether_brick_slab":3,"minecraft:cobblestone":8,"minecraft:diorite":1,"minecraft:blue_bed":2,"minecraft:black_stained_glass":4,"minecraft:coarse_dirt":1,"minecraft:stripped_spruce_wood":2,"minecraft:blue_ice":1,"minecraft:sweet_berry_bush":6,"minecraft:wheat":2,"minecraft:ice":13,"minecraft:spruce_log":12,"minecraft:mangrove_planks":2,"minecraft:mangrove_leaves":1,"minecraft:coal_ore":36,"minecraft:sand":5,"minecraft:dirt":7,"minecraft:crimson_planks":5,"minecraft:mangrove_log":12,"minecraft:red_mushroom_block":2},"minecraft:picked_up":{"minecraft:coarse_dirt":2,"minecraft:crafting_table":9,"minecraft:string":1,"minecraft:wooden_sword":1,"minecraft:red_nether_bricks":5,"minecraft:cyan_carpet":9,"minecraft:red_sand":1,"bosses_of_mass_destruction:soul_star":1,"minecraft:spruce_planks":10,"minecraft:beef":2,"minecraft:calcite":1,"minecraft:azalea":1,"minecraft:spruce_slab":7,"immersive_melodies:triangle":1,"minecraft:mangrove_log":12,"minecraft:furnace":2,"minecraft:stick":16,"minecraft:raw_iron":11,"minecraft:stripped_mangrove_wood":1,"minecraft:porkchop":2,"minecraft:diorite":1,"minecraft:carrot":6,"minecraft:dark_oak_planks":3,"minecraft:arrow":2,"minecraft:rotten_flesh":20,"minecraft:peony":1,"minecraft:hay_block":42,"immersive_melodies:flute":1,"minecraft:mutton":6,"minecraft:glow_berries":5,"minecraft:cobblestone":43,"minecraft:white_wool":3,"minecraft:cod":3,"minecraft:snowball":32,"minecraft:salmon":3,"minecraft:brown_wool":1,"minecraft:red_mushroom":2,"minecraft:potato":11,"minecraft:stripped_spruce_wood":2,"minecraft:blue_bed":2,"minecraft:dirt":21,"minecraft:mangrove_boat":3,"minecraft:gray_carpet":1,"minecraft:wheat_seeds":3,"minecraft:iron_ingot":34,"minecraft:oak_planks":16,"minecraft:mangrove_planks":2,"minecraft:iron_sword":1,"minecraft:dark_oak_stairs":1,"minecraft:sweet_berries":14,"minecraft:sand":11,"minecraft:spruce_sapling":3,"minecraft:spruce_log":12,"minecraft:grass_block":1,"minecraft:nether_brick_slab":3,"simplyswords:iron_greathammer":1,"minecraft:spruce_boat":13,"minecraft:emerald":3,"minecraft:rooted_dirt":2,"minecraft:coal":70},"minecraft:broken":{"minecraft:wooden_sword":1},"minecraft:killed_by":{"minecraft:polar_bear":1,"minecraft:pillager":1,"minecraft:skeleton":1},"minecraft:crafted":{"minecraft:wooden_sword":1,"minecraft:furnace":1,"minecraft:mangrove_boat":1,"minecraft:iron_boots":1,"minecraft:stone_pickaxe":1,"minecraft:spruce_boat":1,"minecraft:wheat":63,"minecraft:crafting_table":3,"minecraft:spruce_planks":24,"minecraft:wooden_pickaxe":1,"minecraft:iron_helmet":1,"minecraft:mangrove_planks":48,"minecraft:stone_axe":1,"minecraft:bread":21,"minecraft:air":0,"minecraft:iron_chestplate":2,"minecraft:shield":1,"minecraft:iron_ingot":11,"minecraft:iron_pickaxe":1,"minecraft:stone_sword":1,"minecraft:iron_leggings":1},"minecraft:killed":{"minecraft:spider":1,"minecraft:vindicator":2,"minecraft:skeleton":1,"minecraft:husk":21,"minecraft:pig":1,"minecraft:salmon":1,"minecraft:polar_bear":3,"minecraft:sheep":4,"minecraft:pillager":2,"minecraft:zombie":1,"minecraft:cow":1,"minecraft:enderman":1},"minecraft:used":{"minecraft:red_sand":1,"minecraft:stone_sword":10,"minecraft:spruce_planks":17,"minecraft:shield":4,"minecraft:iron_sword":143,"minecraft:dirt":2,"minecraft:mutton":6,"minecraft:carrot":3,"minecraft:snowball":1,"minecraft:spruce_boat":14,"minecraft:beef":2,"minecraft:sweet_berries":14,"minecraft:furnace":1,"minecraft:potato":10,"minecraft:mangrove_boat":3,"minecraft:calcite":1,"minecraft:water_bucket":10,"minecraft:stone_pickaxe":66,"minecraft:mangrove_planks":10,"minecraft:oak_planks":1,"minecraft:wooden_pickaxe":27,"minecraft:blue_bed":2,"minecraft:white_wool":2,"minecraft:salmon":10,"minecraft:stripped_mangrove_wood":1,"minecraft:glow_berries":3,"minecraft:sand":2,"minecraft:tnt":5,"minecraft:crafting_table":11,"minecraft:cod":3,"minecraft:cake":1,"minecraft:iron_pickaxe":31,"minecraft:brown_wool":1,"minecraft:bread":32,"minecraft:stone_axe":40,"minecraft:wooden_sword":38,"minecraft:cobblestone":27,"minecraft:porkchop":2,"minecraft:bucket":10,"minecraft:coarse_dirt":1},"minecraft:custom":{"minecraft:mob_kills":39,"minecraft:interact_with_crafting_table":24,"minecraft:open_barrel":47,"minecraft:eat_cake_slice":4,"minecraft:time_since_death":44896,"minecraft:climb_one_cm":2571,"minecraft:sprint_one_cm":420480,"minecraft:walk_one_cm":176578,"minecraft:damage_blocked_by_shield":60,"minecraft:drop":33,"minecraft:talked_to_villager":1,"minecraft:play_time":117356,"minecraft:deaths":3,"minecraft:sneak_time":4602,"minecraft:walk_under_water_one_cm":20203,"minecraft:boat_one_cm":180103,"minecraft:jump":2753,"minecraft:walk_on_water_one_cm":30114,"minecraft:total_world_time":117356,"minecraft:interact_with_furnace":3,"minecraft:sleep_in_bed":3,"minecraft:time_since_rest":44920,"minecraft:damage_taken":2474,"minecraft:damage_dealt":10177,"minecraft:swim_one_cm":81613,"minecraft:player_kills":1,"minecraft:fly_one_cm":734870,"minecraft:open_chest":18,"minecraft:crouch_one_cm":11632,"minecraft:fall_one_cm":50172}},"DataVersion":3465}