{"stats":{"minecraft:dropped":{"minecraft:dark_oak_stairs":1,"minecraft:wheat_seeds":2,"minecraft:golden_helmet":1,"minecraft:diamond":1,"minecraft:rooted_dirt":2,"minecraft:grass_block":1,"minecraft:red_mushroom":2,"minecraft:stick":6,"minecraft:dirt":2,"minecraft:iron_leggings":1,"minecraft:wooden_sword":1,"minecraft:sand":9,"minecraft:string":1,"minecraft:white_wool":1,"minecraft:spruce_sapling":1,"minecraft:redstone":1,"minecraft:coarse_dirt":1,"minecraft:carrot":3,"bosses_of_mass_destruction:soul_star":1,"minecraft:potato":1,"minecraft:gunpowder":10,"minecraft:spruce_planks":2,"minecraft:iron_chestplate":1,"minecraft:azalea":1,"minecraft:stone_pickaxe":1},"minecraft:mined":{"minecraft:spruce_planks":6,"minecraft:cave_vines_plant":3,"minecraft:purple_terracotta":1,"minecraft:red_sand":1,"minecraft:grass_block":1,"minecraft:spruce_leaves":24,"minecraft:rooted_dirt":2,"minecraft:spawner":1,"minecraft:large_fern":3,"minecraft:hay_block":7,"minecraft:furnace":2,"minecraft:carrots":1,"minecraft:iron_ore":11,"minecraft:potatoes":11,"minecraft:cave_vines":1,"minecraft:packed_ice":1,"minecraft:azalea":1,"minecraft:stone":38,"minecraft:spruce_slab":5,"minecraft:powder_snow":5,"minecraft:crafting_table":8,"minecraft:dead_bush":7,"minecraft:blue_bed":2,"minecraft:coarse_dirt":1,"minecraft:stripped_spruce_wood":2,"minecraft:blue_ice":1,"minecraft:sweet_berry_bush":6,"minecraft:wheat":2,"minecraft:ice":13,"minecraft:spruce_log":12,"minecraft:mangrove_planks":2,"minecraft:mangrove_leaves":1,"minecraft:coal_ore":36,"minecraft:sand":3,"minecraft:dirt":7,"minecraft:crimson_planks":5,"minecraft:mangrove_log":12,"minecraft:red_mushroom_block":2},"minecraft:picked_up":{"minecraft:coarse_dirt":2,"minecraft:crafting_table":8,"minecraft:string":1,"minecraft:wooden_sword":1,"minecraft:red_sand":1,"bosses_of_mass_destruction:soul_star":1,"minecraft:spruce_planks":8,"minecraft:beef":2,"minecraft:azalea":1,"minecraft:spruce_slab":7,"minecraft:mangrove_log":12,"minecraft:furnace":2,"minecraft:stick":16,"minecraft:raw_iron":11,"minecraft:porkchop":2,"minecraft:carrot":6,"minecraft:arrow":2,"minecraft:hay_block":7,"immersive_melodies:flute":1,"minecraft:mutton":6,"minecraft:glow_berries":5,"minecraft:cobblestone":38,"minecraft:white_wool":3,"minecraft:cod":3,"minecraft:snowball":32,"minecraft:salmon":3,"minecraft:brown_wool":1,"minecraft:red_mushroom":2,"minecraft:potato":11,"minecraft:stripped_spruce_wood":2,"minecraft:blue_bed":2,"minecraft:dirt":21,"minecraft:mangrove_boat":1,"minecraft:wheat_seeds":2,"minecraft:iron_ingot":34,"minecraft:mangrove_planks":2,"minecraft:iron_sword":1,"minecraft:dark_oak_stairs":1,"minecraft:sweet_berries":14,"minecraft:sand":9,"minecraft:spruce_sapling":3,"minecraft:spruce_log":12,"minecraft:grass_block":1,"simplyswords:iron_greathammer":1,"minecraft:spruce_boat":13,"minecraft:rooted_dirt":2,"minecraft:coal":70},"minecraft:broken":{"minecraft:wooden_sword":1},"minecraft:killed_by":{"minecraft:polar_bear":1,"minecraft:pillager":1,"minecraft:skeleton":1},"minecraft:crafted":{"minecraft:wooden_sword":1,"minecraft:furnace":1,"minecraft:mangrove_boat":1,"minecraft:iron_boots":1,"minecraft:stone_pickaxe":1,"minecraft:spruce_boat":1,"minecraft:wheat":63,"minecraft:crafting_table":3,"minecraft:spruce_planks":24,"minecraft:wooden_pickaxe":1,"minecraft:iron_helmet":1,"minecraft:mangrove_planks":48,"minecraft:stone_axe":1,"minecraft:bread":21,"minecraft:air":0,"minecraft:iron_chestplate":2,"minecraft:shield":1,"minecraft:iron_ingot":11,"minecraft:stone_sword":1,"minecraft:iron_leggings":1},"minecraft:killed":{"minecraft:spider":1,"minecraft:vindicator":2,"minecraft:skeleton":1,"minecraft:pig":1,"minecraft:salmon":1,"minecraft:polar_bear":3,"minecraft:sheep":4,"minecraft:zombie":1,"minecraft:cow":1,"minecraft:enderman":1},"minecraft:used":{"minecraft:red_sand":1,"minecraft:stone_sword":10,"minecraft:spruce_planks":2,"minecraft:iron_sword":25,"minecraft:dirt":2,"minecraft:mutton":6,"minecraft:carrot":3,"minecraft:snowball":1,"minecraft:spruce_boat":14,"minecraft:beef":2,"minecraft:sweet_berries":14,"minecraft:furnace":1,"minecraft:potato":10,"minecraft:mangrove_boat":1,"minecraft:water_bucket":3,"minecraft:stone_pickaxe":66,"minecraft:mangrove_planks":10,"minecraft:wooden_pickaxe":27,"minecraft:blue_bed":1,"minecraft:white_wool":2,"minecraft:salmon":10,"minecraft:glow_berries":3,"minecraft:crafting_table":9,"minecraft:cod":3,"minecraft:bread":13,"minecraft:stone_axe":30,"minecraft:wooden_sword":38,"minecraft:cobblestone":13,"minecraft:porkchop":2,"minecraft:bucket":3,"minecraft:coarse_dirt":1},"minecraft:custom":{"minecraft:mob_kills":16,"minecraft:interact_with_crafting_table":22,"minecraft:open_barrel":23,"minecraft:time_since_death":20896,"minecraft:climb_one_cm":1364,"minecraft:sprint_one_cm":330137,"minecraft:walk_one_cm":127773,"minecraft:drop":28,"minecraft:talked_to_villager":1,"minecraft:play_time":93356,"minecraft:deaths":3,"minecraft:sneak_time":2126,"minecraft:walk_under_water_one_cm":14357,"minecraft:boat_one_cm":169721,"minecraft:jump":2505,"minecraft:walk_on_water_one_cm":20257,"minecraft:total_world_time":93356,"minecraft:interact_with_furnace":3,"minecraft:sleep_in_bed":3,"minecraft:time_since_rest":20920,"minecraft:damage_taken":1510,"minecraft:damage_dealt":3248,"minecraft:swim_one_cm":76941,"minecraft:fly_one_cm":684899,"minecraft:open_chest":11,"minecraft:crouch_one_cm":4569,"minecraft:fall_one_cm":45078}},"DataVersion":3465}