{"stats":{"minecraft:dropped":{"minecraft:enchanted_book":1,"minecraft:warped_stem":2,"minecraft:dark_oak_stairs":1,"minecraft:wheat_seeds":4,"minecraft:lapis_lazuli":5,"minecraft:golden_helmet":1,"minecraft:diamond":1,"minecraft:lead":2,"minecraft:glow_berries":2,"minecraft:rooted_dirt":2,"minecraft:leather":2,"minecraft:grass_block":1,"minecraft:red_mushroom":2,"minecraft:cod":18,"minecraft:stick":6,"minecraft:dirt":3,"minecraft:diorite":1,"minecraft:iron_leggings":1,"minecraft:wooden_sword":1,"minecraft:sand":9,"minecraft:paper":1,"minecraft:dark_oak_planks":3,"minecraft:string":1,"minecraft:white_wool":1,"minecraft:cyan_carpet":9,"minecraft:spruce_sapling":1,"minecraft:redstone":9,"minecraft:nether_brick_slab":3,"minecraft:sweet_berries":1,"minecraft:soul_torch":1,"minecraft:coarse_dirt":1,"minecraft:rotten_flesh":20,"minecraft:carrot":3,"bosses_of_mass_destruction:soul_star":1,"minecraft:potato":1,"minecraft:gunpowder":39,"minecraft:peony":1,"minecraft:spruce_planks":2,"minecraft:iron_chestplate":1,"minecraft:andesite":4,"minecraft:azalea":1,"minecraft:stone_pickaxe":1},"minecraft:mined":{"minecraft:dark_oak_planks":2,"minecraft:spruce_planks":9,"minecraft:deepslate_diamond_ore":1,"minecraft:red_nether_bricks":5,"minecraft:cave_vines_plant":3,"minecraft:purple_terracotta":1,"minecraft:red_sand":1,"minecraft:grass_block":1,"minecraft:spruce_leaves":24,"minecraft:rooted_dirt":2,"minecraft:spawner":1,"minecraft:large_fern":3,"minecraft:hay_block":43,"minecraft:furnace":2,"minecraft:carrots":1,"minecraft:iron_ore":11,"minecraft:waxed_oxidized_cut_copper_slab":1,"minecraft:andesite":12,"minecraft:peony":1,"minecraft:twisting_vines":1,"minecraft:potatoes":11,"minecraft:cave_vines":1,"minecraft:warped_stem":2,"minecraft:packed_ice":1,"minecraft:smooth_quartz_stairs":1,"minecraft:azalea":1,"minecraft:stripped_mangrove_wood":4,"minecraft:stone":42,"minecraft:spruce_slab":5,"minecraft:powder_snow":5,"minecraft:crafting_table":9,"minecraft:calcite":11,"minecraft:dead_bush":7,"minecraft:nether_brick_slab":3,"minecraft:cobblestone":9,"minecraft:diorite":1,"minecraft:blue_bed":2,"minecraft:black_stained_glass":4,"minecraft:coarse_dirt":1,"minecraft:stripped_spruce_wood":2,"minecraft:blue_ice":1,"minecraft:sweet_berry_bush":7,"minecraft:wheat":2,"minecraft:ice":13,"minecraft:spruce_log":12,"minecraft:mangrove_planks":2,"minecraft:mangrove_leaves":1,"minecraft:grass":1,"minecraft:coal_ore":36,"minecraft:sand":5,"minecraft:dirt":8,"minecraft:crimson_planks":5,"minecraft:mangrove_log":12,"minecraft:red_mushroom_block":2,"minecraft:deepslate":37,"minecraft:warped_slab":1},"minecraft:picked_up":{"minecraft:coarse_dirt":2,"minecraft:crafting_table":9,"minecraft:lead":2,"minecraft:string":1,"minecraft:wooden_sword":1,"minecraft:red_nether_bricks":5,"minecraft:cyan_carpet":9,"minecraft:red_sand":1,"minecraft:cobbled_deepslate":44,"bosses_of_mass_destruction:soul_star":1,"minecraft:spruce_planks":10,"minecraft:beef":2,"minecraft:calcite":3,"minecraft:azalea":1,"minecraft:spruce_slab":7,"immersive_melodies:triangle":1,"minecraft:piston":1,"minecraft:mangrove_log":12,"minecraft:furnace":2,"minecraft:stick":25,"minecraft:raw_iron":11,"minecraft:stripped_mangrove_wood":1,"minecraft:porkchop":2,"minecraft:diorite":1,"minecraft:carrot":6,"minecraft:dark_oak_planks":3,"minecraft:arrow":4,"minecraft:rotten_flesh":20,"minecraft:peony":1,"minecraft:hay_block":42,"minecraft:bone_block":2,"immersive_melodies:flute":1,"minecraft:mutton":6,"minecraft:glow_berries":5,"minecraft:cobblestone":64,"minecraft:white_wool":3,"minecraft:cod":3,"minecraft:snowball":32,"minecraft:andesite":37,"minecraft:salmon":3,"minecraft:leather":2,"minecraft:brown_wool":1,"minecraft:red_mushroom":2,"minecraft:potato":11,"minecraft:stripped_spruce_wood":2,"minecraft:gunpowder":1,"minecraft:blue_bed":2,"minecraft:dirt":22,"minecraft:paper":1,"minecraft:mangrove_boat":3,"minecraft:gray_carpet":1,"minecraft:wheat_seeds":4,"minecraft:warped_stem":4,"minecraft:iron_ingot":34,"minecraft:oak_planks":23,"minecraft:mangrove_planks":2,"minecraft:iron_sword":1,"minecraft:dark_oak_stairs":1,"minecraft:sweet_berries":24,"minecraft:sand":11,"minecraft:soul_torch":1,"minecraft:spruce_sapling":3,"minecraft:spruce_log":12,"minecraft:grass_block":1,"minecraft:nether_brick_slab":3,"simplyswords:iron_greathammer":1,"minecraft:diamond":1,"minecraft:spruce_boat":13,"minecraft:lever":1,"minecraft:emerald":3,"minecraft:rooted_dirt":2,"minecraft:coal":70},"minecraft:broken":{"minecraft:wooden_sword":1},"minecraft:killed_by":{"minecraft:polar_bear":1,"minecraft:pillager":1,"minecraft:skeleton":1},"minecraft:crafted":{"minecraft:wooden_sword":1,"minecraft:furnace":1,"minecraft:mangrove_boat":1,"minecraft:iron_boots":1,"minecraft:stone_pickaxe":1,"minecraft:spruce_boat":1,"minecraft:wheat":63,"minecraft:crafting_table":3,"minecraft:spruce_planks":56,"minecraft:wooden_pickaxe":1,"minecraft:iron_helmet":1,"minecraft:mangrove_planks":48,"minecraft:stone_axe":1,"minecraft:bread":21,"minecraft:air":0,"minecraft:iron_chestplate":2,"minecraft:shield":1,"minecraft:iron_ingot":11,"minecraft:iron_pickaxe":1,"minecraft:stone_sword":1,"minecraft:iron_leggings":1},"minecraft:killed":{"minecraft:spider":1,"minecraft:vindicator":2,"minecraft:skeleton":1,"minecraft:husk":21,"minecraft:pig":1,"minecraft:salmon":1,"minecraft:polar_bear":3,"minecraft:sheep":4,"minecraft:trader_llama":2,"minecraft:pillager":2,"minecraft:zombie":2,"minecraft:cow":1,"minecraft:enderman":1},"minecraft:used":{"minecraft:red_sand":1,"minecraft:stone_sword":10,"minecraft:spruce_planks":17,"minecraft:shield":4,"minecraft:iron_sword":146,"minecraft:iron_chestplate":1,"minecraft:dirt":2,"minecraft:mutton":6,"minecraft:carrot":12,"minecraft:snowball":1,"minecraft:spruce_boat":14,"minecraft:lava_bucket":12,"minecraft:iron_helmet":1,"minecraft:iron_boots":1,"minecraft:beef":2,"minecraft:sweet_berries":23,"minecraft:furnace":1,"minecraft:cobbled_deepslate":6,"minecraft:potato":10,"minecraft:iron_leggings":1,"minecraft:mangrove_boat":3,"minecraft:calcite":1,"minecraft:water_bucket":62,"minecraft:stone_pickaxe":66,"minecraft:mangrove_planks":10,"minecraft:oak_planks":13,"minecraft:wooden_pickaxe":27,"minecraft:blue_bed":2,"minecraft:white_wool":2,"minecraft:salmon":10,"minecraft:stripped_mangrove_wood":1,"minecraft:glow_berries":3,"minecraft:sand":2,"minecraft:tnt":5,"minecraft:crafting_table":12,"minecraft:cod":3,"simplyswords:gold_longsword":19,"minecraft:cake":1,"minecraft:piston":1,"minecraft:lever":1,"minecraft:iron_pickaxe":86,"minecraft:brown_wool":1,"minecraft:bread":34,"minecraft:stone_axe":44,"minecraft:wooden_sword":38,"minecraft:cobblestone":30,"minecraft:porkchop":2,"minecraft:bucket":73,"minecraft:coarse_dirt":1},"minecraft:custom":{"minecraft:mob_kills":42,"minecraft:interact_with_crafting_table":27,"minecraft:open_barrel":48,"minecraft:eat_cake_slice":4,"minecraft:time_since_death":8608,"minecraft:climb_one_cm":7470,"minecraft:sprint_one_cm":511790,"minecraft:walk_one_cm":201297,"minecraft:damage_blocked_by_shield":60,"minecraft:drop":50,"minecraft:talked_to_villager":2,"minecraft:play_time":141356,"minecraft:deaths":4,"minecraft:sneak_time":8155,"minecraft:walk_under_water_one_cm":28688,"minecraft:boat_one_cm":180103,"minecraft:jump":3208,"minecraft:walk_on_water_one_cm":35976,"minecraft:total_world_time":141356,"minecraft:interact_with_furnace":3,"minecraft:sleep_in_bed":7,"minecraft:time_since_rest":5164,"minecraft:damage_taken":3008,"minecraft:damage_dealt":10958,"minecraft:swim_one_cm":120461,"minecraft:player_kills":1,"minecraft:fly_one_cm":824759,"minecraft:open_chest":28,"minecraft:crouch_one_cm":19873,"minecraft:fall_one_cm":67195}},"DataVersion":3465}