{"stats":{"minecraft:dropped":{"minecraft:enchanted_book":1,"minecraft:warped_stem":2,"minecraft:porkchop":4,"minecraft:dark_oak_stairs":1,"minecraft:wheat_seeds":4,"minecraft:lapis_lazuli":5,"minecraft:golden_helmet":1,"minecraft:diamond":1,"minecraft:lead":2,"minecraft:glow_berries":2,"minecraft:apple":29,"minecraft:rooted_dirt":2,"minecraft:leather":2,"minecraft:grass_block":1,"minecraft:flint":5,"minecraft:red_mushroom":2,"minecraft:cod":18,"minecraft:stick":6,"minecraft:dirt":3,"minecraft:diorite":1,"minecraft:smooth_quartz":2,"minecraft:iron_leggings":1,"minecraft:wooden_sword":1,"minecraft:bone_block":2,"minecraft:polished_blackstone_bricks":4,"minecraft:sand":9,"minecraft:paper":1,"minecraft:dark_oak_planks":3,"minecraft:string":1,"minecraft:white_wool":1,"minecraft:cyan_carpet":9,"minecraft:spruce_sapling":1,"minecraft:redstone":9,"minecraft:gravel":14,"minecraft:nether_brick_slab":3,"minecraft:blackstone":1,"minecraft:sweet_berries":1,"minecraft:soul_torch":1,"minecraft:coarse_dirt":1,"minecraft:rotten_flesh":20,"minecraft:carrot":3,"bosses_of_mass_destruction:soul_star":1,"minecraft:potato":1,"minecraft:gunpowder":39,"minecraft:peony":1,"minecraft:spruce_planks":2,"minecraft:iron_chestplate":1,"minecraft:andesite":4,"minecraft:azalea":1,"minecraft:basalt":1,"minecraft:arrow":1,"minecraft:stone_pickaxe":1},"minecraft:mined":{"minecraft:dark_oak_planks":2,"minecraft:spruce_planks":9,"minecraft:quartz_stairs":1,"minecraft:deepslate_diamond_ore":1,"minecraft:red_nether_bricks":5,"minecraft:cave_vines_plant":3,"minecraft:purple_terracotta":1,"minecraft:red_sand":1,"minecraft:grass_block":1,"minecraft:cracked_polished_blackstone_bricks":39,"minecraft:spruce_leaves":24,"minecraft:rooted_dirt":2,"minecraft:spawner":1,"minecraft:polished_blackstone_bricks":39,"minecraft:large_fern":3,"minecraft:hay_block":43,"minecraft:furnace":2,"minecraft:carrots":1,"minecraft:iron_ore":11,"minecraft:waxed_oxidized_cut_copper_slab":1,"minecraft:andesite":37,"minecraft:peony":1,"minecraft:gold_block":5,"minecraft:twisting_vines":1,"minecraft:potatoes":11,"minecraft:lantern":1,"minecraft:cave_vines":1,"minecraft:warped_stem":6,"minecraft:packed_ice":1,"minecraft:smooth_quartz_stairs":1,"minecraft:azalea":1,"minecraft:stripped_mangrove_wood":4,"minecraft:stone":42,"minecraft:spruce_slab":5,"minecraft:blackstone":17,"minecraft:crimson_nylium":3,"minecraft:soul_fire":2,"minecraft:basalt":1,"minecraft:powder_snow":5,"minecraft:crafting_table":10,"minecraft:calcite":11,"minecraft:dead_bush":7,"minecraft:nether_brick_slab":3,"minecraft:cobblestone":9,"minecraft:lily_pad":1,"minecraft:diorite":1,"minecraft:blue_bed":2,"minecraft:black_stained_glass":4,"minecraft:coarse_dirt":1,"minecraft:stripped_spruce_wood":4,"minecraft:blue_ice":1,"minecraft:sweet_berry_bush":7,"minecraft:wheat":2,"minecraft:ice":13,"minecraft:spruce_log":12,"minecraft:mangrove_planks":2,"minecraft:mangrove_leaves":1,"minecraft:grass":1,"minecraft:coal_ore":36,"minecraft:gravel":29,"minecraft:sand":5,"minecraft:dirt":8,"minecraft:crimson_planks":6,"minecraft:mangrove_log":12,"minecraft:red_mushroom_block":2,"minecraft:netherrack":11,"minecraft:deepslate":45,"minecraft:warped_slab":1},"minecraft:picked_up":{"minecraft:coarse_dirt":2,"minecraft:crafting_table":10,"minecraft:wheat":7,"minecraft:lead":2,"minecraft:gold_block":17,"minecraft:crimson_planks":1,"minecraft:string":1,"minecraft:wooden_sword":1,"minecraft:red_nether_bricks":5,"minecraft:blackstone":43,"minecraft:cyan_carpet":9,"minecraft:gold_nugget":5,"minecraft:red_sand":1,"minecraft:cobbled_deepslate":52,"bosses_of_mass_destruction:soul_star":1,"minecraft:spruce_planks":10,"minecraft:beef":2,"minecraft:smooth_quartz":2,"minecraft:calcite":3,"minecraft:azalea":1,"minecraft:iron_pickaxe":1,"minecraft:spruce_slab":7,"immersive_melodies:triangle":1,"minecraft:piston":1,"minecraft:mangrove_log":12,"minecraft:furnace":2,"minecraft:stick":25,"minecraft:raw_iron":11,"minecraft:stripped_mangrove_wood":1,"minecraft:polished_blackstone_bricks":69,"minecraft:porkchop":6,"minecraft:diorite":1,"minecraft:carrot":6,"minecraft:dark_oak_planks":3,"minecraft:arrow":5,"minecraft:rotten_flesh":20,"minecraft:peony":1,"minecraft:hay_block":42,"minecraft:bone_block":2,"immersive_melodies:flute":1,"minecraft:mutton":6,"minecraft:glow_berries":5,"minecraft:cobblestone":64,"minecraft:white_wool":3,"minecraft:cod":3,"minecraft:snowball":32,"minecraft:basalt":2,"minecraft:andesite":62,"minecraft:salmon":4,"minecraft:leather":2,"minecraft:brown_wool":1,"minecraft:red_mushroom":2,"minecraft:potato":11,"minecraft:flint":6,"minecraft:lily_pad":2,"minecraft:stripped_spruce_wood":4,"minecraft:ancient_debris":2,"minecraft:gunpowder":1,"minecraft:lantern":2,"minecraft:blue_bed":2,"minecraft:dirt":22,"minecraft:paper":1,"minecraft:bone":2,"minecraft:mangrove_boat":3,"minecraft:apple":14,"minecraft:gray_carpet":1,"minecraft:wheat_seeds":4,"minecraft:warped_stem":5,"minecraft:iron_ingot":34,"minecraft:oak_planks":23,"minecraft:mangrove_planks":2,"minecraft:iron_sword":1,"minecraft:dark_oak_stairs":1,"minecraft:sweet_berries":24,"minecraft:gravel":26,"minecraft:sand":11,"minecraft:soul_torch":1,"minecraft:spruce_sapling":3,"minecraft:spruce_log":12,"minecraft:grass_block":1,"minecraft:nether_brick_slab":3,"simplyswords:iron_greathammer":1,"minecraft:diamond":6,"minecraft:spruce_boat":15,"minecraft:lever":1,"minecraft:cracked_polished_blackstone_bricks":33,"minecraft:crossbow":1,"minecraft:bread":6,"minecraft:emerald":3,"minecraft:rooted_dirt":2,"minecraft:coal":70},"minecraft:broken":{"minecraft:wooden_sword":1},"minecraft:killed_by":{"minecraft:piglin_brute":1,"minecraft:polar_bear":1,"minecraft:pillager":1,"minecraft:enderman":1,"minecraft:skeleton":1},"minecraft:crafted":{"minecraft:wooden_sword":1,"minecraft:furnace":1,"minecraft:mangrove_boat":1,"minecraft:warped_planks":4,"minecraft:iron_boots":1,"minecraft:stone_pickaxe":1,"minecraft:spruce_boat":2,"minecraft:wheat":191,"minecraft:crafting_table":5,"minecraft:spruce_planks":64,"minecraft:wooden_pickaxe":1,"minecraft:iron_helmet":1,"minecraft:mangrove_planks":48,"minecraft:stone_axe":1,"minecraft:bread":64,"minecraft:air":0,"minecraft:golden_apple":3,"minecraft:iron_chestplate":2,"minecraft:shield":1,"minecraft:iron_ingot":83,"minecraft:iron_pickaxe":1,"minecraft:iron_block":7,"minecraft:stone_sword":1,"minecraft:gold_ingot":9,"minecraft:iron_leggings":1},"minecraft:killed":{"minecraft:spider":1,"minecraft:vindicator":2,"minecraft:skeleton":3,"minecraft:magma_cube":1,"minecraft:piglin":4,"minecraft:husk":21,"minecraft:pig":1,"minecraft:salmon":1,"minecraft:hoglin":3,"minecraft:polar_bear":3,"minecraft:sheep":4,"minecraft:trader_llama":2,"minecraft:pillager":2,"minecraft:zombie":3,"minecraft:cow":1,"minecraft:enderman":2},"minecraft:used":{"minecraft:red_sand":1,"minecraft:stone_sword":10,"minecraft:spruce_planks":19,"minecraft:shield":9,"minecraft:iron_sword":208,"minecraft:iron_chestplate":1,"minecraft:dirt":2,"minecraft:mutton":6,"minecraft:carrot":25,"minecraft:snowball":1,"minecraft:spruce_boat":16,"minecraft:lava_bucket":12,"minecraft:lantern":2,"minecraft:quartz_block":50,"minecraft:iron_helmet":1,"minecraft:iron_boots":1,"minecraft:basalt":1,"minecraft:beef":2,"minecraft:sweet_berries":23,"minecraft:furnace":1,"minecraft:cobbled_deepslate":44,"minecraft:potato":10,"minecraft:iron_leggings":1,"minecraft:mangrove_boat":3,"minecraft:calcite":1,"minecraft:water_bucket":62,"minecraft:stone_pickaxe":66,"minecraft:mangrove_planks":10,"minecraft:oak_planks":19,"minecraft:blackstone":33,"minecraft:wooden_pickaxe":27,"minecraft:blue_bed":2,"minecraft:polished_blackstone_bricks":62,"minecraft:golden_apple":2,"minecraft:white_wool":2,"minecraft:salmon":11,"minecraft:stripped_mangrove_wood":1,"minecraft:glow_berries":3,"minecraft:sand":2,"minecraft:tnt":5,"minecraft:crafting_table":14,"minecraft:crossbow":18,"minecraft:chiseled_quartz_block":13,"minecraft:cod":3,"simplyswords:gold_longsword":19,"minecraft:cake":1,"minecraft:piston":1,"minecraft:lever":1,"minecraft:apple":1,"minecraft:cracked_polished_blackstone_bricks":17,"minecraft:iron_pickaxe":237,"minecraft:brown_wool":1,"minecraft:bread":42,"minecraft:gravel":12,"minecraft:stone_axe":50,"minecraft:wooden_sword":38,"minecraft:cobblestone":48,"minecraft:porkchop":2,"minecraft:andesite":58,"minecraft:bucket":73,"minecraft:coarse_dirt":1},"minecraft:custom":{"minecraft:mob_kills":55,"minecraft:interact_with_crafting_table":31,"minecraft:open_barrel":57,"minecraft:eat_cake_slice":4,"minecraft:time_since_death":11491,"minecraft:climb_one_cm":7570,"minecraft:sprint_one_cm":680836,"minecraft:walk_one_cm":256550,"minecraft:damage_blocked_by_shield":250,"minecraft:drop":66,"minecraft:talked_to_villager":2,"minecraft:play_time":195356,"minecraft:deaths":6,"minecraft:sneak_time":17089,"minecraft:walk_under_water_one_cm":28878,"minecraft:boat_one_cm":204000,"minecraft:jump":4123,"minecraft:interact_with_blast_furnace":1,"minecraft:walk_on_water_one_cm":36513,"minecraft:total_world_time":195356,"minecraft:interact_with_furnace":3,"minecraft:sleep_in_bed":7,"minecraft:time_since_rest":11541,"minecraft:damage_absorbed":65,"minecraft:damage_taken":4338,"minecraft:damage_dealt":15028,"minecraft:swim_one_cm":122942,"minecraft:player_kills":1,"minecraft:fly_one_cm":978857,"minecraft:open_chest":35,"minecraft:crouch_one_cm":45932,"minecraft:fall_one_cm":94811}},"DataVersion":3465}