{"stats":{"minecraft:mined":{"minecraft:cave_vines":1,"minecraft:mangrove_log":12,"minecraft:ice":9,"minecraft:mangrove_leaves":1,"minecraft:cave_vines_plant":1},"minecraft:picked_up":{"minecraft:glow_berries":3,"minecraft:mangrove_log":12},"minecraft:used":{"minecraft:glow_berries":3},"minecraft:custom":{"minecraft:open_barrel":2,"minecraft:open_chest":3,"minecraft:time_since_rest":9356,"minecraft:crouch_one_cm":324,"minecraft:play_time":9356,"minecraft:sprint_one_cm":43694,"minecraft:walk_one_cm":17601,"minecraft:damage_taken":30,"minecraft:sneak_time":189,"minecraft:walk_under_water_one_cm":1592,"minecraft:jump":362,"minecraft:time_since_death":9356,"minecraft:walk_on_water_one_cm":1124,"minecraft:total_world_time":9356,"minecraft:climb_one_cm":146,"minecraft:swim_one_cm":4635,"minecraft:fly_one_cm":84029,"minecraft:fall_one_cm":5629}},"DataVersion":3465}