{"stats":{"minecraft:dropped":{"minecraft:wheat_seeds":2,"minecraft:golden_helmet":1,"minecraft:rooted_dirt":2,"minecraft:grass_block":1,"minecraft:carrot":3,"minecraft:stick":6,"minecraft:dirt":2,"minecraft:potato":1,"minecraft:spruce_planks":2,"minecraft:azalea":1,"minecraft:wooden_sword":1,"minecraft:sand":3},"minecraft:mined":{"minecraft:crafting_table":4,"minecraft:cave_vines_plant":3,"minecraft:grass_block":1,"minecraft:dead_bush":7,"minecraft:spruce_leaves":23,"minecraft:rooted_dirt":2,"minecraft:blue_bed":2,"minecraft:hay_block":7,"minecraft:coarse_dirt":1,"minecraft:carrots":1,"minecraft:stripped_spruce_wood":2,"minecraft:iron_ore":11,"minecraft:ice":12,"minecraft:wheat":2,"minecraft:sweet_berry_bush":5,"minecraft:blue_ice":1,"minecraft:spruce_log":8,"minecraft:mangrove_leaves":1,"minecraft:potatoes":11,"minecraft:coal_ore":36,"minecraft:cave_vines":1,"minecraft:dirt":7,"minecraft:mangrove_log":12,"minecraft:azalea":1,"minecraft:red_mushroom_block":2,"minecraft:stone":38},"minecraft:picked_up":{"minecraft:crafting_table":4,"minecraft:coarse_dirt":1,"minecraft:red_mushroom":1,"minecraft:potato":11,"minecraft:stripped_spruce_wood":2,"minecraft:dirt":21,"minecraft:blue_bed":2,"minecraft:wooden_sword":1,"minecraft:wheat_seeds":2,"minecraft:spruce_planks":2,"minecraft:iron_ingot":34,"minecraft:beef":2,"minecraft:azalea":1,"minecraft:iron_sword":1,"minecraft:mangrove_log":12,"minecraft:stick":14,"minecraft:raw_iron":11,"minecraft:sweet_berries":11,"minecraft:sand":3,"minecraft:spruce_sapling":2,"minecraft:grass_block":1,"minecraft:spruce_log":8,"minecraft:carrot":6,"simplyswords:iron_greathammer":1,"minecraft:hay_block":7,"minecraft:rooted_dirt":2,"minecraft:snowball":32,"minecraft:coal":36,"minecraft:glow_berries":5,"minecraft:mutton":3,"minecraft:cod":3,"minecraft:white_wool":2,"minecraft:cobblestone":38},"minecraft:broken":{"minecraft:wooden_sword":1},"minecraft:killed_by":{"minecraft:skeleton":1,"minecraft:polar_bear":1},"minecraft:crafted":{"minecraft:wooden_sword":1,"minecraft:crafting_table":2,"minecraft:spruce_planks":8,"minecraft:iron_helmet":1,"minecraft:wooden_pickaxe":1,"minecraft:furnace":1,"minecraft:mangrove_planks":48,"minecraft:stone_axe":1,"minecraft:air":0,"minecraft:bread":21,"minecraft:iron_boots":1,"minecraft:iron_chestplate":2,"minecraft:iron_ingot":8,"minecraft:stone_pickaxe":1,"minecraft:stone_sword":1,"minecraft:iron_leggings":1,"minecraft:wheat":63},"minecraft:killed":{"minecraft:polar_bear":2,"minecraft:sheep":2,"minecraft:enderman":1,"minecraft:cow":1},"minecraft:used":{"minecraft:stone_sword":10,"minecraft:stone_pickaxe":62,"minecraft:spruce_planks":2,"minecraft:wooden_pickaxe":27,"minecraft:blue_bed":1,"minecraft:white_wool":2,"minecraft:glow_berries":3,"minecraft:dirt":2,"minecraft:mutton":3,"minecraft:crafting_table":5,"minecraft:carrot":3,"minecraft:cod":3,"minecraft:bread":11,"minecraft:stone_axe":9,"minecraft:wooden_sword":38,"minecraft:cobblestone":13,"minecraft:beef":2,"minecraft:sweet_berries":11,"minecraft:furnace":1,"minecraft:potato":10},"minecraft:custom":{"minecraft:interact_with_furnace":3,"minecraft:mob_kills":6,"minecraft:interact_with_crafting_table":19,"minecraft:open_barrel":2,"minecraft:time_since_death":33568,"minecraft:sleep_in_bed":3,"minecraft:climb_one_cm":448,"minecraft:time_since_rest":11113,"minecraft:sprint_one_cm":231262,"minecraft:walk_one_cm":90829,"minecraft:damage_taken":1075,"minecraft:drop":12,"minecraft:damage_dealt":1270,"minecraft:swim_one_cm":35045,"minecraft:talked_to_villager":1,"minecraft:fly_one_cm":453600,"minecraft:open_chest":6,"minecraft:crouch_one_cm":3103,"minecraft:play_time":57356,"minecraft:deaths":2,"minecraft:sneak_time":1570,"minecraft:walk_under_water_one_cm":6145,"minecraft:jump":1836,"minecraft:walk_on_water_one_cm":11208,"minecraft:total_world_time":57356,"minecraft:fall_one_cm":34703}},"DataVersion":3465}