{"stats":{"minecraft:dropped":{"minecraft:wheat_seeds":2,"minecraft:golden_helmet":1,"minecraft:coarse_dirt":1,"minecraft:rooted_dirt":2,"minecraft:grass_block":1,"minecraft:carrot":3,"minecraft:stick":6,"minecraft:dirt":2,"minecraft:potato":1,"minecraft:spruce_planks":2,"minecraft:iron_chestplate":1,"minecraft:azalea":1,"minecraft:wooden_sword":1,"minecraft:sand":3,"minecraft:redstone":1},"minecraft:mined":{"minecraft:crafting_table":5,"minecraft:cave_vines_plant":3,"minecraft:grass_block":1,"minecraft:dead_bush":7,"minecraft:spruce_leaves":23,"minecraft:rooted_dirt":2,"minecraft:blue_bed":2,"minecraft:hay_block":7,"minecraft:coarse_dirt":1,"minecraft:furnace":2,"minecraft:carrots":1,"minecraft:stripped_spruce_wood":2,"minecraft:iron_ore":11,"minecraft:ice":13,"minecraft:wheat":2,"minecraft:sweet_berry_bush":5,"minecraft:blue_ice":1,"minecraft:spruce_log":8,"minecraft:mangrove_leaves":1,"minecraft:potatoes":11,"minecraft:coal_ore":36,"minecraft:cave_vines":1,"minecraft:dirt":7,"minecraft:packed_ice":1,"minecraft:mangrove_log":12,"minecraft:azalea":1,"minecraft:red_mushroom_block":2,"minecraft:stone":38},"minecraft:picked_up":{"minecraft:crafting_table":5,"minecraft:coarse_dirt":2,"minecraft:salmon":3,"minecraft:red_mushroom":1,"minecraft:potato":11,"minecraft:stripped_spruce_wood":2,"minecraft:dirt":21,"minecraft:blue_bed":2,"minecraft:wooden_sword":1,"minecraft:wheat_seeds":2,"minecraft:spruce_planks":2,"minecraft:iron_ingot":34,"minecraft:beef":2,"minecraft:azalea":1,"minecraft:iron_sword":1,"minecraft:mangrove_log":12,"minecraft:furnace":2,"minecraft:stick":14,"minecraft:raw_iron":11,"minecraft:sweet_berries":11,"minecraft:sand":3,"minecraft:spruce_sapling":2,"minecraft:grass_block":1,"minecraft:spruce_log":8,"minecraft:carrot":6,"simplyswords:iron_greathammer":1,"minecraft:hay_block":7,"minecraft:rooted_dirt":2,"minecraft:snowball":32,"minecraft:coal":70,"minecraft:glow_berries":5,"minecraft:mutton":3,"minecraft:cod":3,"minecraft:white_wool":2,"minecraft:cobblestone":38},"minecraft:broken":{"minecraft:wooden_sword":1},"minecraft:killed_by":{"minecraft:skeleton":1,"minecraft:polar_bear":1},"minecraft:crafted":{"minecraft:wooden_sword":1,"minecraft:crafting_table":2,"minecraft:spruce_planks":8,"minecraft:iron_helmet":1,"minecraft:wooden_pickaxe":1,"minecraft:furnace":1,"minecraft:mangrove_planks":48,"minecraft:stone_axe":1,"minecraft:air":0,"minecraft:bread":21,"minecraft:iron_boots":1,"minecraft:iron_chestplate":2,"minecraft:shield":1,"minecraft:iron_ingot":11,"minecraft:stone_pickaxe":1,"minecraft:stone_sword":1,"minecraft:iron_leggings":1,"minecraft:wheat":63},"minecraft:killed":{"minecraft:salmon":1,"minecraft:polar_bear":3,"minecraft:sheep":2,"minecraft:enderman":1,"minecraft:cow":1},"minecraft:used":{"minecraft:water_bucket":3,"minecraft:stone_sword":10,"minecraft:stone_pickaxe":64,"minecraft:mangrove_planks":4,"minecraft:spruce_planks":2,"minecraft:wooden_pickaxe":27,"minecraft:iron_sword":7,"minecraft:blue_bed":1,"minecraft:salmon":5,"minecraft:white_wool":2,"minecraft:glow_berries":3,"minecraft:dirt":2,"minecraft:mutton":3,"minecraft:crafting_table":6,"minecraft:carrot":3,"minecraft:cod":3,"minecraft:bread":11,"minecraft:stone_axe":10,"minecraft:wooden_sword":38,"minecraft:cobblestone":13,"minecraft:beef":2,"minecraft:sweet_berries":11,"minecraft:furnace":1,"minecraft:bucket":3,"minecraft:potato":10,"minecraft:coarse_dirt":1},"minecraft:custom":{"minecraft:interact_with_furnace":3,"minecraft:mob_kills":8,"minecraft:interact_with_crafting_table":20,"minecraft:open_barrel":4,"minecraft:time_since_death":45568,"minecraft:sleep_in_bed":3,"minecraft:climb_one_cm":448,"minecraft:time_since_rest":23113,"minecraft:sprint_one_cm":256804,"minecraft:walk_one_cm":100583,"minecraft:damage_taken":1155,"minecraft:drop":15,"minecraft:damage_dealt":1680,"minecraft:swim_one_cm":64880,"minecraft:talked_to_villager":1,"minecraft:fly_one_cm":538866,"minecraft:open_chest":6,"minecraft:crouch_one_cm":3215,"minecraft:play_time":69356,"minecraft:deaths":2,"minecraft:sneak_time":1627,"minecraft:walk_under_water_one_cm":9197,"minecraft:jump":2038,"minecraft:walk_on_water_one_cm":13236,"minecraft:total_world_time":69356,"minecraft:fall_one_cm":36793}},"DataVersion":3465}