{"stats":{"minecraft:dropped":{"minecraft:dirt":2,"minecraft:potato":1,"minecraft:wheat_seeds":2,"minecraft:spruce_planks":2,"minecraft:wooden_sword":1,"minecraft:carrot":3,"minecraft:stick":6},"minecraft:mined":{"minecraft:carrots":1,"minecraft:stripped_spruce_wood":2,"minecraft:wheat":2,"minecraft:ice":12,"minecraft:mangrove_leaves":1,"minecraft:cave_vines_plant":1,"minecraft:grass_block":1,"minecraft:potatoes":11,"minecraft:cave_vines":1,"minecraft:dead_bush":7,"minecraft:dirt":1,"minecraft:mangrove_log":12},"minecraft:picked_up":{"minecraft:stick":14,"minecraft:potato":11,"minecraft:stripped_spruce_wood":2,"minecraft:carrot":6,"minecraft:dirt":4,"minecraft:wooden_sword":1,"minecraft:wheat_seeds":2,"minecraft:spruce_planks":2,"minecraft:glow_berries":3,"minecraft:mutton":1,"minecraft:white_wool":1,"minecraft:mangrove_log":12},"minecraft:killed_by":{"minecraft:skeleton":1},"minecraft:crafted":{"minecraft:wooden_sword":1,"minecraft:crafting_table":1,"minecraft:spruce_planks":8},"minecraft:used":{"minecraft:spruce_planks":2,"minecraft:glow_berries":3,"minecraft:wooden_sword":3,"minecraft:dirt":2,"minecraft:mutton":1,"minecraft:crafting_table":1,"minecraft:carrot":3,"minecraft:potato":10},"minecraft:killed":{"minecraft:sheep":1},"minecraft:custom":{"minecraft:time_since_rest":6491,"minecraft:sprint_one_cm":106895,"minecraft:damage_taken":498,"minecraft:walk_one_cm":49323,"minecraft:mob_kills":1,"minecraft:drop":7,"minecraft:damage_dealt":120,"minecraft:talked_to_villager":1,"minecraft:swim_one_cm":4635,"minecraft:interact_with_crafting_table":1,"minecraft:fly_one_cm":183498,"minecraft:open_barrel":2,"minecraft:open_chest":4,"minecraft:crouch_one_cm":324,"minecraft:play_time":21356,"minecraft:deaths":1,"minecraft:sneak_time":193,"minecraft:walk_under_water_one_cm":1592,"minecraft:jump":837,"minecraft:walk_on_water_one_cm":1124,"minecraft:time_since_death":11270,"minecraft:sleep_in_bed":1,"minecraft:climb_one_cm":146,"minecraft:total_world_time":21356,"minecraft:fall_one_cm":16065}},"DataVersion":3465}