{"stats":{"minecraft:dropped":{"minecraft:water_bucket":1,"minecraft:iron_ingot":5,"minecraft:bread":87,"minecraft:iron_sword":1,"minecraft:birch_planks":1,"minecraft:wheat_seeds":35,"minecraft:crafting_table":3,"minecraft:iron_helmet":1,"minecraft:cobblestone":10,"simplyswords:diamond_halberd":1,"minecraft:leather":4,"minecraft:apple":3,"simplyswords:gold_greataxe":1,"minecraft:red_carpet":8,"minecraft:stick":16,"minecraft:torch":1,"minecraft:wooden_axe":1,"minecraft:snowball":5,"minecraft:iron_leggings":1,"minecraft:string":19,"minecraft:white_wool":2,"minecraft:cyan_carpet":9,"morevanillashields:emerald_shield":2,"minecraft:bone":3,"minecraft:nether_brick_slab":2,"hangglider:glider_framework":1,"minecraft:anvil":1,"minecraft:tuff":1,"minecraft:rotten_flesh":11,"universal_graves:grave_compass":11,"morevanillashields:coal_shield":1,"minecraft:carrot":1,"minecraft:hay_block":6,"minecraft:peony":1,"minecraft:spruce_planks":16,"minecraft:iron_chestplate":1,"minecraft:barrel":1,"minecraft:bow":5},"minecraft:mined":{"minecraft:dark_oak_planks":16,"minecraft:spruce_planks":2,"minecraft:white_bed":1,"minecraft:deepslate_diamond_ore":2,"minecraft:purple_terracotta":1,"minecraft:decorated_pot":1,"minecraft:sandstone":2,"minecraft:spawner":10,"minecraft:tall_seagrass":1,"minecraft:hay_block":36,"minecraft:dark_oak_trapdoor":2,"minecraft:iron_ore":34,"minecraft:waxed_oxidized_cut_copper_slab":1,"minecraft:andesite":3,"minecraft:anvil":1,"minecraft:dark_oak_stairs":5,"minecraft:deepslate_iron_ore":10,"minecraft:packed_ice":3,"minecraft:azalea":2,"minecraft:stripped_mangrove_wood":6,"minecraft:stone":67,"minecraft:orange_bed":1,"minecraft:oak_fence":1,"minecraft:smooth_sandstone":6,"minecraft:crafting_table":10,"minecraft:calcite":13,"minecraft:dead_bush":1,"minecraft:nether_brick_slab":2,"minecraft:tall_grass":1,"minecraft:cyan_bed":1,"minecraft:blue_bed":2,"minecraft:spruce_stairs":2,"minecraft:wheat":13,"minecraft:ice":1,"minecraft:spruce_log":7,"minecraft:tnt":7,"minecraft:grass":9,"minecraft:sand":6,"minecraft:dirt":4,"minecraft:gray_carpet":1,"minecraft:crimson_planks":4,"minecraft:mangrove_log":5,"minecraft:tripwire_hook":1,"minecraft:deepslate":3},"minecraft:picked_up":{"minecraft:crafting_table":12,"minecraft:wheat":12,"minecraft:anvil":2,"morevanillashields:emerald_shield":1,"minecraft:enchanted_book":1,"minecraft:crimson_planks":4,"simplyswords:gold_greataxe":1,"minecraft:string":13,"universal_graves:grave_compass":6,"minecraft:iron_leggings":1,"minecraft:cyan_carpet":9,"minecraft:spruce_planks":50,"minecraft:beef":14,"minecraft:calcite":21,"minecraft:mangrove_log":5,"minecraft:tipped_arrow":12,"minecraft:raw_iron":44,"minecraft:stick":42,"minecraft:brown_terracotta":3,"minecraft:torch":1,"minecraft:spruce_stairs":1,"hangglider:glider_framework":1,"minecraft:carrot":2,"minecraft:purple_terracotta":1,"minecraft:dark_oak_planks":6,"minecraft:orange_bed":1,"minecraft:tnt":7,"minecraft:arrow":130,"minecraft:rotten_flesh":26,"minecraft:peony":1,"minecraft:hay_block":42,"immersive_melodies:flute":1,"minecraft:cobblestone":13,"minecraft:snowball":208,"minecraft:white_wool":7,"minecraft:water_bucket":1,"minecraft:leather":15,"minecraft:birch_planks":1,"minecraft:tuff":1,"minecraft:blue_bed":3,"minecraft:smooth_sandstone":6,"minecraft:red_carpet":8,"minecraft:bone":78,"minecraft:bow":5,"minecraft:wheat_seeds":35,"minecraft:iron_ingot":21,"minecraft:iron_sword":1,"minecraft:nether_brick_slab":5,"minecraft:barrel":1,"minecraft:white_bed":1,"minecraft:spruce_log":14,"minecraft:cyan_bed":1,"simplyswords:iron_greathammer":1,"minecraft:spider_eye":1,"morevanillashields:coal_shield":1,"minecraft:diamond":6,"minecraft:spruce_boat":4,"minecraft:emerald":8,"minecraft:bread":32,"minecraft:rooted_dirt":2,"minecraft:terracotta":1,"minecraft:ender_pearl":1},"minecraft:broken":{"morevanillashields:emerald_shield":1,"minecraft:iron_boots":1,"minecraft:iron_helmet":1},"minecraft:killed_by":{"minecraft:husk":5,"minecraft:player":1,"minecraft:stray":3,"minecraft:enderman":1},"minecraft:crafted":{"hangglider:glider_framework":1,"morevanillashields:emerald_shield":3,"hangglider:hang_glider":1,"immersive_melodies:flute":1,"hangglider:glider_wing":2,"minecraft:iron_boots":1,"minecraft:iron_axe":1,"minecraft:wheat":324,"minecraft:crafting_table":3,"minecraft:spruce_planks":52,"minecraft:wooden_pickaxe":1,"minecraft:iron_helmet":2,"immersive_melodies:lute":1,"minecraft:mangrove_planks":20,"minecraft:bucket":1,"minecraft:bread":112,"minecraft:iron_chestplate":1,"minecraft:stick":20,"minecraft:iron_ingot":37,"minecraft:iron_pickaxe":1,"minecraft:wooden_axe":1,"minecraft:iron_block":5,"minecraft:snow_block":48,"minecraft:gold_ingot":3,"minecraft:iron_leggings":1,"simplyswords:diamond_halberd":2,"minecraft:anvil":1,"minecraft:white_bed":1,"morebows:diamond_bow":1,"minecraft:torch":28},"minecraft:killed":{"minecraft:spider":22,"minecraft:vindicator":2,"minecraft:skeleton":35,"minecraft:drowned":9,"minecraft:husk":9,"minecraft:parrot":1,"minecraft:pig":3,"minecraft:creeper":3,"minecraft:polar_bear":5,"minecraft:pillager":6,"minecraft:zombie":47,"minecraft:stray":29,"minecraft:enderman":2,"minecraft:cow":4},"minecraft:used":{"minecraft:flint_and_steel":1,"morebows:diamond_bow":23,"minecraft:spruce_planks":6,"minecraft:rotten_flesh":3,"minecraft:orange_bed":1,"minecraft:torch":28,"minecraft:anvil":1,"minecraft:spruce_stairs":1,"minecraft:nether_brick_slab":3,"minecraft:snowball":11,"minecraft:dark_oak_planks":6,"minecraft:spruce_boat":3,"minecraft:wooden_axe":5,"minecraft:brown_terracotta":3,"minecraft:iron_axe":70,"minecraft:rooted_dirt":2,"minecraft:smooth_sandstone":6,"minecraft:iron_helmet":1,"minecraft:bow":48,"minecraft:calcite":9,"minecraft:water_bucket":73,"simplyswords:gold_greataxe":6,"minecraft:snow_block":63,"minecraft:mangrove_planks":15,"simplyswords:diamond_halberd":233,"minecraft:blue_bed":3,"morevanillashields:emerald_shield":114,"minecraft:terracotta":1,"minecraft:tnt":13,"minecraft:crafting_table":11,"minecraft:crossbow":4,"minecraft:white_bed":2,"minecraft:spruce_log":1,"simplyswords:iron_greathammer":176,"minecraft:cyan_bed":1,"minecraft:bread":5,"minecraft:iron_pickaxe":164,"simplyswords:iron_sai":41,"minecraft:cobblestone":3,"minecraft:cooked_rabbit":123,"minecraft:bucket":74,"minecraft:pumpkin_pie":2},"minecraft:custom":{"minecraft:mob_kills":189,"minecraft:interact_with_anvil":2,"minecraft:interact_with_crafting_table":38,"minecraft:open_barrel":79,"minecraft:bell_ring":4,"minecraft:damage_dealt_resisted":618,"minecraft:leave_game":1,"minecraft:time_since_death":7000,"minecraft:climb_one_cm":21526,"minecraft:sprint_one_cm":473803,"minecraft:walk_one_cm":608879,"minecraft:damage_blocked_by_shield":3355,"minecraft:drop":70,"minecraft:talked_to_villager":4,"minecraft:play_time":223605,"minecraft:deaths":11,"minecraft:sneak_time":2519,"minecraft:walk_under_water_one_cm":65021,"minecraft:boat_one_cm":83285,"minecraft:jump":4666,"minecraft:interact_with_blast_furnace":1,"minecraft:walk_on_water_one_cm":66491,"minecraft:total_world_time":223605,"minecraft:interact_with_furnace":4,"minecraft:interact_with_cartography_table":1,"minecraft:sleep_in_bed":4,"minecraft:time_since_rest":7034,"minecraft:damage_taken":8880,"minecraft:damage_dealt":32493,"minecraft:swim_one_cm":61506,"minecraft:fly_one_cm":1105671,"minecraft:open_chest":89,"minecraft:crouch_one_cm":1545,"minecraft:fall_one_cm":110229,"minecraft:inspect_dispenser":2}},"DataVersion":3465}