{"stats":{"minecraft:dropped":{"minecraft:iron_ingot":2,"minecraft:bread":87,"minecraft:birch_planks":1,"minecraft:wheat_seeds":34,"minecraft:tuff":1,"minecraft:rotten_flesh":6,"universal_graves:grave_compass":1,"minecraft:apple":3,"morevanillashields:coal_shield":1,"simplyswords:gold_greataxe":1,"minecraft:carrot":1,"minecraft:torch":1,"minecraft:wooden_axe":1,"minecraft:snowball":5,"minecraft:bow":5,"minecraft:string":14,"morevanillashields:emerald_shield":2},"minecraft:mined":{"minecraft:white_bed":1,"minecraft:deepslate_diamond_ore":2,"minecraft:oak_fence":1,"minecraft:smooth_sandstone":6,"minecraft:crafting_table":4,"minecraft:purple_terracotta":1,"minecraft:dead_bush":1,"minecraft:sandstone":2,"minecraft:blue_bed":1,"minecraft:spawner":1,"minecraft:hay_block":33,"minecraft:iron_ore":8,"minecraft:wheat":13,"minecraft:ice":1,"minecraft:spruce_log":7,"minecraft:tnt":7,"minecraft:deepslate_iron_ore":10,"minecraft:sand":5,"minecraft:dirt":2,"minecraft:crimson_planks":4,"minecraft:packed_ice":2,"minecraft:mangrove_log":5,"minecraft:stone":66,"minecraft:deepslate":3},"minecraft:picked_up":{"minecraft:crafting_table":4,"minecraft:wheat":12,"morevanillashields:emerald_shield":1,"minecraft:birch_planks":1,"minecraft:enchanted_book":1,"minecraft:tuff":1,"minecraft:crimson_planks":4,"simplyswords:gold_greataxe":1,"minecraft:blue_bed":2,"minecraft:string":9,"minecraft:smooth_sandstone":6,"minecraft:bone":51,"minecraft:bow":5,"minecraft:wheat_seeds":34,"minecraft:spruce_planks":1,"minecraft:iron_ingot":1,"minecraft:mangrove_log":5,"minecraft:tipped_arrow":12,"minecraft:stick":1,"minecraft:raw_iron":18,"minecraft:brown_terracotta":3,"minecraft:torch":1,"minecraft:white_bed":1,"minecraft:carrot":1,"minecraft:spruce_log":14,"minecraft:spider_eye":1,"simplyswords:iron_greathammer":1,"morevanillashields:coal_shield":1,"minecraft:purple_terracotta":1,"minecraft:tnt":7,"minecraft:arrow":51,"minecraft:rotten_flesh":9,"minecraft:diamond":5,"minecraft:spruce_boat":4,"minecraft:hay_block":33,"minecraft:emerald":3,"minecraft:bread":32,"immersive_melodies:flute":1,"minecraft:terracotta":1,"minecraft:white_wool":7,"minecraft:snowball":208,"minecraft:ender_pearl":1},"minecraft:broken":{"minecraft:iron_helmet":1},"minecraft:killed_by":{"minecraft:stray":3,"minecraft:enderman":1},"minecraft:crafted":{"minecraft:crafting_table":2,"minecraft:spruce_planks":28,"morevanillashields:emerald_shield":2,"minecraft:wooden_pickaxe":1,"minecraft:iron_helmet":1,"minecraft:mangrove_planks":20,"minecraft:bucket":1,"minecraft:bread":82,"minecraft:iron_boots":1,"minecraft:iron_chestplate":1,"minecraft:iron_axe":1,"minecraft:stick":4,"minecraft:iron_ingot":19,"minecraft:iron_pickaxe":1,"minecraft:wooden_axe":1,"minecraft:snow_block":48,"minecraft:gold_ingot":3,"minecraft:iron_leggings":1,"minecraft:white_bed":1,"morebows:diamond_bow":1,"minecraft:torch":28,"minecraft:wheat":297},"minecraft:killed":{"minecraft:pig":2,"minecraft:vindicator":1,"minecraft:spider":17,"minecraft:creeper":1,"minecraft:polar_bear":2,"minecraft:skeleton":4,"minecraft:pillager":4,"minecraft:zombie":22,"minecraft:stray":29,"minecraft:enderman":2},"minecraft:used":{"minecraft:water_bucket":41,"simplyswords:gold_greataxe":6,"minecraft:flint_and_steel":1,"minecraft:snow_block":63,"minecraft:mangrove_planks":15,"minecraft:blue_bed":2,"morevanillashields:emerald_shield":21,"minecraft:rotten_flesh":3,"minecraft:torch":18,"minecraft:terracotta":1,"minecraft:tnt":13,"minecraft:crafting_table":5,"minecraft:crossbow":4,"minecraft:white_bed":2,"minecraft:snowball":11,"minecraft:spruce_log":1,"minecraft:spruce_boat":3,"simplyswords:iron_greathammer":176,"minecraft:brown_terracotta":3,"minecraft:wooden_axe":5,"minecraft:smooth_sandstone":6,"minecraft:iron_axe":17,"minecraft:bread":5,"minecraft:iron_pickaxe":105,"simplyswords:iron_sai":1,"minecraft:bow":48,"minecraft:cooked_rabbit":69,"minecraft:bucket":42,"minecraft:pumpkin_pie":2},"minecraft:custom":{"minecraft:interact_with_furnace":4,"minecraft:mob_kills":94,"minecraft:interact_with_crafting_table":16,"minecraft:open_barrel":17,"minecraft:bell_ring":4,"minecraft:damage_dealt_resisted":618,"minecraft:time_since_death":40095,"minecraft:sleep_in_bed":2,"minecraft:climb_one_cm":11609,"minecraft:time_since_rest":9943,"minecraft:sprint_one_cm":247937,"minecraft:damage_taken":4699,"minecraft:walk_one_cm":365418,"minecraft:damage_blocked_by_shield":645,"minecraft:drop":26,"minecraft:damage_dealt":13422,"minecraft:swim_one_cm":3192,"minecraft:talked_to_villager":4,"minecraft:fly_one_cm":695738,"minecraft:open_chest":69,"minecraft:crouch_one_cm":1329,"minecraft:play_time":116087,"minecraft:deaths":4,"minecraft:sneak_time":1355,"minecraft:walk_under_water_one_cm":38026,"minecraft:boat_one_cm":60105,"minecraft:jump":3022,"minecraft:walk_on_water_one_cm":29240,"minecraft:total_world_time":116087,"minecraft:fall_one_cm":75081,"minecraft:inspect_dispenser":1}},"DataVersion":3465}