{"stats":{"minecraft:dropped":{"minecraft:iron_ingot":1,"minecraft:bread":64,"minecraft:wheat_seeds":34,"minecraft:tuff":1,"minecraft:apple":3,"morevanillashields:coal_shield":1,"minecraft:carrot":1,"minecraft:wooden_axe":1,"minecraft:snowball":5,"minecraft:string":14,"morevanillashields:emerald_shield":2},"minecraft:mined":{"minecraft:deepslate_diamond_ore":2,"minecraft:crafting_table":2,"minecraft:dead_bush":1,"minecraft:hay_block":33,"minecraft:iron_ore":8,"minecraft:wheat":13,"minecraft:ice":1,"minecraft:spruce_log":7,"minecraft:deepslate_iron_ore":10,"minecraft:dirt":2,"minecraft:stone":66,"minecraft:deepslate":3},"minecraft:picked_up":{"minecraft:crafting_table":2,"minecraft:wheat":12,"morevanillashields:emerald_shield":1,"minecraft:tuff":1,"simplyswords:gold_greataxe":1,"minecraft:string":9,"minecraft:bone":31,"minecraft:bow":2,"minecraft:wheat_seeds":34,"minecraft:iron_ingot":1,"minecraft:tipped_arrow":7,"minecraft:stick":1,"minecraft:raw_iron":18,"minecraft:brown_terracotta":3,"minecraft:torch":1,"minecraft:carrot":1,"minecraft:spruce_log":7,"simplyswords:iron_greathammer":1,"morevanillashields:coal_shield":1,"minecraft:arrow":30,"minecraft:rotten_flesh":3,"minecraft:diamond":5,"minecraft:spruce_boat":2,"minecraft:hay_block":33,"minecraft:emerald":1,"minecraft:bread":32,"immersive_melodies:flute":1,"minecraft:terracotta":1,"minecraft:snowball":208,"minecraft:ender_pearl":1},"minecraft:killed_by":{"minecraft:stray":3},"minecraft:crafted":{"minecraft:crafting_table":2,"minecraft:spruce_planks":28,"morevanillashields:emerald_shield":2,"minecraft:wooden_pickaxe":1,"minecraft:iron_helmet":1,"minecraft:bucket":1,"minecraft:bread":82,"minecraft:iron_boots":1,"minecraft:iron_chestplate":1,"minecraft:iron_axe":1,"minecraft:stick":4,"minecraft:iron_ingot":19,"minecraft:iron_pickaxe":1,"minecraft:wooden_axe":1,"minecraft:snow_block":48,"minecraft:gold_ingot":3,"minecraft:iron_leggings":1,"minecraft:torch":28,"minecraft:wheat":297},"minecraft:killed":{"minecraft:pig":2,"minecraft:vindicator":1,"minecraft:spider":14,"minecraft:creeper":1,"minecraft:polar_bear":2,"minecraft:skeleton":3,"minecraft:pillager":2,"minecraft:zombie":12,"minecraft:stray":16,"minecraft:enderman":2},"minecraft:used":{"minecraft:water_bucket":8,"simplyswords:gold_greataxe":6,"minecraft:snow_block":63,"morevanillashields:emerald_shield":10,"minecraft:rotten_flesh":3,"minecraft:torch":8,"minecraft:terracotta":1,"minecraft:crafting_table":4,"minecraft:crossbow":4,"minecraft:snowball":11,"minecraft:spruce_boat":1,"simplyswords:iron_greathammer":86,"minecraft:brown_terracotta":3,"minecraft:wooden_axe":5,"minecraft:iron_axe":2,"minecraft:bread":5,"minecraft:iron_pickaxe":92,"minecraft:bow":39,"minecraft:cooked_rabbit":27,"minecraft:bucket":9,"minecraft:pumpkin_pie":2},"minecraft:custom":{"minecraft:interact_with_furnace":3,"minecraft:mob_kills":57,"minecraft:interact_with_crafting_table":12,"minecraft:open_barrel":7,"minecraft:bell_ring":4,"minecraft:time_since_death":40422,"minecraft:climb_one_cm":8914,"minecraft:time_since_rest":40445,"minecraft:sprint_one_cm":143759,"minecraft:damage_taken":2415,"minecraft:walk_one_cm":214680,"minecraft:damage_blocked_by_shield":450,"minecraft:drop":14,"minecraft:damage_dealt":6884,"minecraft:talked_to_villager":2,"minecraft:fly_one_cm":410372,"minecraft:open_chest":28,"minecraft:crouch_one_cm":475,"minecraft:play_time":62087,"minecraft:deaths":3,"minecraft:sneak_time":365,"minecraft:walk_under_water_one_cm":17525,"minecraft:boat_one_cm":44305,"minecraft:jump":1782,"minecraft:walk_on_water_one_cm":10534,"minecraft:total_world_time":62087,"minecraft:fall_one_cm":41047}},"DataVersion":3465}