{"stats":{"minecraft:mined":{"minecraft:dead_bush":1},"minecraft:picked_up":{"minecraft:stick":1,"minecraft:arrow":2,"minecraft:rotten_flesh":3,"minecraft:brown_terracotta":3,"minecraft:terracotta":1,"minecraft:snowball":188,"minecraft:string":2,"minecraft:tipped_arrow":1},"minecraft:killed_by":{"minecraft:stray":2},"minecraft:crafted":{"minecraft:snow_block":16},"minecraft:killed":{"minecraft:zombie":3,"minecraft:stray":2},"minecraft:used":{"minecraft:rotten_flesh":3,"minecraft:bow":13,"minecraft:terracotta":1,"minecraft:pumpkin_pie":2,"minecraft:snowball":4},"minecraft:custom":{"minecraft:time_since_rest":665,"minecraft:open_chest":3,"minecraft:crouch_one_cm":124,"minecraft:play_time":14087,"minecraft:sprint_one_cm":48388,"minecraft:walk_one_cm":44610,"minecraft:damage_taken":565,"minecraft:deaths":2,"minecraft:sneak_time":94,"minecraft:bell_ring":4,"minecraft:mob_kills":5,"minecraft:jump":706,"minecraft:damage_dealt":20,"minecraft:time_since_death":633,"minecraft:total_world_time":14087,"minecraft:fly_one_cm":166734,"minecraft:talked_to_villager":2,"minecraft:fall_one_cm":17040}},"DataVersion":3465}