{"stats":{"minecraft:killed_by":{"minecraft:player":1},"minecraft:killed":{"minecraft:chicken":1},"minecraft:dropped":{"minecraft:wheat_seeds":2,"minecraft:white_banner":1},"minecraft:crafted":{"minecraft:diamond_leggings":1},"minecraft:custom":{"minecraft:time_since_rest":16969,"minecraft:interact_with_smithing_table":1,"minecraft:sprint_one_cm":47126,"minecraft:damage_taken":981,"minecraft:walk_one_cm":68878,"minecraft:mob_kills":1,"minecraft:interact_with_anvil":2,"minecraft:drop":3,"minecraft:damage_dealt":143,"minecraft:interact_with_crafting_table":3,"minecraft:fly_one_cm":51940,"minecraft:open_barrel":1,"minecraft:open_chest":4,"minecraft:crouch_one_cm":588,"minecraft:play_time":21868,"minecraft:deaths":1,"minecraft:sneak_time":770,"minecraft:walk_under_water_one_cm":247,"minecraft:jump":337,"minecraft:walk_on_water_one_cm":843,"minecraft:time_since_death":16923,"minecraft:sleep_in_bed":1,"minecraft:total_world_time":21868,"minecraft:fall_one_cm":6567},"minecraft:used":{"minecraft:diamond_boots":1,"minecraft:bread":13,"minecraft:torch":1,"minecraft:diamond_sword":2,"minecraft:white_banner":2,"minecraft:diamond_helmet":1,"minecraft:egg":1,"minecraft:diamond_leggings":1},"minecraft:mined":{"minecraft:torch":1,"minecraft:grass":5,"minecraft:tall_grass":5,"minecraft:white_banner":3},"minecraft:picked_up":{"minecraft:feather":1,"minecraft:chicken":1,"minecraft:torch":1,"minecraft:diamond_sword":6,"minecraft:white_banner":4,"minecraft:diamond_chestplate":1,"minecraft:diamond":20,"minecraft:wheat_seeds":2,"minecraft:diamond_boots":1,"minecraft:spruce_sign":1,"minecraft:bread":20,"minecraft:diamond_helmet":1,"minecraft:egg":1}},"DataVersion":3465}