{"stats":{"minecraft:dropped":{"minecraft:iron_ingot":5,"minecraft:bread":87,"minecraft:iron_sword":1,"minecraft:birch_planks":1,"minecraft:wheat_seeds":34,"minecraft:crafting_table":2,"minecraft:leather":4,"minecraft:apple":3,"simplyswords:gold_greataxe":1,"minecraft:stick":16,"minecraft:torch":1,"minecraft:wooden_axe":1,"minecraft:snowball":5,"minecraft:iron_leggings":1,"minecraft:string":16,"minecraft:white_wool":2,"morevanillashields:emerald_shield":2,"hangglider:glider_framework":1,"minecraft:anvil":1,"minecraft:tuff":1,"minecraft:rotten_flesh":8,"universal_graves:grave_compass":1,"morevanillashields:coal_shield":1,"minecraft:carrot":1,"minecraft:spruce_planks":16,"minecraft:bow":5},"minecraft:mined":{"minecraft:white_bed":1,"minecraft:deepslate_diamond_ore":2,"minecraft:purple_terracotta":1,"minecraft:sandstone":2,"minecraft:spawner":1,"minecraft:hay_block":33,"minecraft:iron_ore":8,"minecraft:anvil":1,"minecraft:deepslate_iron_ore":10,"minecraft:packed_ice":2,"minecraft:stone":66,"minecraft:oak_fence":1,"minecraft:smooth_sandstone":6,"minecraft:crafting_table":7,"minecraft:dead_bush":1,"minecraft:cyan_bed":1,"minecraft:blue_bed":1,"minecraft:wheat":13,"minecraft:ice":1,"minecraft:spruce_log":7,"minecraft:tnt":7,"minecraft:sand":5,"minecraft:dirt":2,"minecraft:crimson_planks":4,"minecraft:mangrove_log":5,"minecraft:deepslate":3},"minecraft:picked_up":{"minecraft:crafting_table":8,"minecraft:wheat":12,"minecraft:anvil":2,"morevanillashields:emerald_shield":1,"minecraft:enchanted_book":1,"minecraft:crimson_planks":4,"simplyswords:gold_greataxe":1,"minecraft:string":10,"minecraft:iron_leggings":1,"minecraft:spruce_planks":33,"minecraft:beef":14,"minecraft:mangrove_log":5,"minecraft:tipped_arrow":12,"minecraft:raw_iron":18,"minecraft:stick":36,"minecraft:brown_terracotta":3,"minecraft:torch":1,"hangglider:glider_framework":1,"minecraft:carrot":1,"minecraft:purple_terracotta":1,"minecraft:tnt":7,"minecraft:arrow":93,"minecraft:rotten_flesh":11,"minecraft:hay_block":33,"immersive_melodies:flute":1,"minecraft:snowball":208,"minecraft:white_wool":7,"minecraft:leather":15,"minecraft:birch_planks":1,"minecraft:tuff":1,"minecraft:blue_bed":2,"minecraft:smooth_sandstone":6,"minecraft:bone":51,"minecraft:bow":5,"minecraft:wheat_seeds":34,"minecraft:iron_ingot":21,"minecraft:iron_sword":1,"minecraft:white_bed":1,"minecraft:spruce_log":14,"minecraft:cyan_bed":1,"simplyswords:iron_greathammer":1,"minecraft:spider_eye":1,"morevanillashields:coal_shield":1,"minecraft:diamond":5,"minecraft:spruce_boat":4,"minecraft:emerald":3,"minecraft:bread":32,"minecraft:terracotta":1,"minecraft:ender_pearl":1},"minecraft:broken":{"minecraft:iron_helmet":1},"minecraft:killed_by":{"minecraft:stray":3,"minecraft:enderman":1},"minecraft:crafted":{"hangglider:glider_framework":1,"morevanillashields:emerald_shield":2,"hangglider:hang_glider":1,"hangglider:glider_wing":2,"minecraft:iron_boots":1,"minecraft:iron_axe":1,"minecraft:wheat":297,"minecraft:crafting_table":2,"minecraft:spruce_planks":52,"minecraft:wooden_pickaxe":1,"minecraft:iron_helmet":2,"minecraft:mangrove_planks":20,"minecraft:bucket":1,"minecraft:bread":82,"minecraft:iron_chestplate":1,"minecraft:stick":20,"minecraft:iron_ingot":37,"minecraft:iron_pickaxe":1,"minecraft:wooden_axe":1,"minecraft:iron_block":5,"minecraft:snow_block":48,"minecraft:gold_ingot":3,"minecraft:iron_leggings":1,"simplyswords:diamond_halberd":1,"minecraft:anvil":1,"minecraft:white_bed":1,"morebows:diamond_bow":1,"minecraft:torch":28},"minecraft:killed":{"minecraft:spider":17,"minecraft:vindicator":1,"minecraft:skeleton":4,"minecraft:pig":2,"minecraft:creeper":1,"minecraft:polar_bear":2,"minecraft:pillager":4,"minecraft:zombie":25,"minecraft:stray":29,"minecraft:enderman":2,"minecraft:cow":4},"minecraft:used":{"minecraft:flint_and_steel":1,"minecraft:rotten_flesh":3,"minecraft:torch":18,"minecraft:anvil":1,"minecraft:snowball":11,"minecraft:spruce_boat":3,"minecraft:wooden_axe":5,"minecraft:brown_terracotta":3,"minecraft:iron_axe":21,"minecraft:smooth_sandstone":6,"minecraft:iron_helmet":1,"minecraft:bow":48,"minecraft:water_bucket":41,"simplyswords:gold_greataxe":6,"minecraft:snow_block":63,"minecraft:mangrove_planks":15,"simplyswords:diamond_halberd":10,"minecraft:blue_bed":2,"morevanillashields:emerald_shield":21,"minecraft:terracotta":1,"minecraft:tnt":13,"minecraft:crafting_table":7,"minecraft:crossbow":4,"minecraft:white_bed":2,"minecraft:spruce_log":1,"simplyswords:iron_greathammer":176,"minecraft:bread":5,"minecraft:iron_pickaxe":106,"simplyswords:iron_sai":1,"minecraft:cooked_rabbit":75,"minecraft:bucket":42,"minecraft:pumpkin_pie":2},"minecraft:custom":{"minecraft:mob_kills":101,"minecraft:interact_with_anvil":2,"minecraft:interact_with_crafting_table":30,"minecraft:open_barrel":17,"minecraft:bell_ring":4,"minecraft:damage_dealt_resisted":618,"minecraft:leave_game":1,"minecraft:time_since_death":51613,"minecraft:climb_one_cm":11609,"minecraft:sprint_one_cm":271028,"minecraft:walk_one_cm":379364,"minecraft:damage_blocked_by_shield":645,"minecraft:drop":40,"minecraft:talked_to_villager":4,"minecraft:play_time":127605,"minecraft:deaths":4,"minecraft:sneak_time":1388,"minecraft:walk_under_water_one_cm":38026,"minecraft:boat_one_cm":60105,"minecraft:jump":3214,"minecraft:walk_on_water_one_cm":29240,"minecraft:total_world_time":127605,"minecraft:interact_with_furnace":4,"minecraft:sleep_in_bed":2,"minecraft:time_since_rest":21461,"minecraft:damage_taken":5025,"minecraft:damage_dealt":14422,"minecraft:swim_one_cm":3192,"minecraft:fly_one_cm":748927,"minecraft:open_chest":70,"minecraft:crouch_one_cm":1334,"minecraft:fall_one_cm":81139,"minecraft:inspect_dispenser":1}},"DataVersion":3465}